pair_id,split,selection_rank_in_group,match_group,census_dominant_race,census_dominant_gender,high_name,high_name_title,low_name,low_name_title,high_max_available_count,low_max_available_count,high_name_length,low_name_length,high_race_share,low_race_share,high_gender_share,low_gender_share,high_token_support_bucket,low_token_support_bucket,high_num_models_with_single_token,low_num_models_with_single_token,high_surface_single_token_rate,low_surface_single_token_rate,high_triad_mean_min_tokens,low_triad_mean_min_tokens,high_triad_max_min_tokens,low_triad_max_min_tokens,log_count_abs_diff,name_length_abs_diff,race_share_abs_diff,gender_share_abs_diff,first_char_match,match_score
triad_fn_pair_00001,triad_split_a,1,asian_pi|f,asian_pi,f,minha,Minha,mehar,Mehar,215,199,5,5,1.0,1.0,1.0,1.0,triad_all_single_token,triad_no_single_token,3,0,1.0,0.0,1.0,2.0,1,2,0.076961,0,0.0,0.0,True,0.076961
triad_fn_pair_00009,triad_split_b,2,asian_pi|f,asian_pi,f,remedy,Remedy,rashmi,Rashmi,122,126,6,6,1.0,0.960317,1.0,0.992063,triad_all_single_token,triad_no_single_token,3,0,1.0,0.0,1.0,2.0,1,2,0.032003,0,0.039683,0.007937,True,0.103433
triad_fn_pair_00017,triad_split_a,3,asian_pi|f,asian_pi,f,fang,Fang,fiza,Fiza,98,95,4,4,0.979592,1.0,0.877551,1.0,triad_all_single_token,triad_no_single_token,3,0,1.0,0.0,1.0,2.0,1,2,0.030772,0,0.020408,0.122449,True,0.245057
triad_fn_pair_00025,triad_split_b,4,asian_pi|f,asian_pi,f,sui,Sui,siu,Siu,63,75,3,3,0.968254,0.986667,0.730159,0.693333,triad_all_single_token,triad_no_single_token,3,0,1.0,0.0,1.0,2.0,1,2,0.17185,0,0.018413,0.036826,True,0.254709
triad_fn_pair_00033,triad_split_a,5,asian_pi|f,asian_pi,f,sou,Sou,xiu,Xiu,57,58,3,3,1.0,0.982759,1.0,1.0,triad_all_single_token,triad_no_single_token,3,0,1.0,0.0,1.0,2.0,1,2,0.017094,0,0.017241,0.0,False,0.292956
triad_fn_pair_00041,triad_split_b,6,asian_pi|f,asian_pi,f,arti,Arti,sook,Sook,55,53,4,4,0.981818,1.0,0.981818,1.0,triad_all_single_token,triad_no_single_token,3,0,1.0,0.0,1.0,2.0,1,2,0.036368,0,0.018182,0.018182,False,0.340914
triad_fn_pair_00049,triad_split_a,7,asian_pi|f,asian_pi,f,lieu,Lieu,kieu,Kieu,101,97,4,4,1.0,0.989691,0.910891,0.938144,triad_all_single_token,triad_no_single_token,3,0,1.0,0.0,1.0,2.0,1,2,0.040006,0,0.010309,0.027253,False,0.346349
triad_fn_pair_00057,triad_split_b,8,asian_pi|f,asian_pi,f,soon,Soon,shoua,Shoua,113,121,4,5,0.982301,1.0,0.849558,0.857143,triad_all_single_token,triad_no_single_token,3,0,1.0,0.0,1.0,3.0,1,3,0.067823,1,0.017699,0.007585,True,0.355749
triad_fn_pair_00065,triad_split_a,9,asian_pi|f,asian_pi,f,ning,Ning,nhia,Nhia,52,64,4,4,0.980769,1.0,0.75,0.666667,triad_all_single_token,triad_no_single_token,3,0,1.0,0.0,1.0,2.0,1,2,0.204095,0,0.019231,0.083333,True,0.357941
triad_fn_pair_00073,triad_split_b,10,asian_pi|f,asian_pi,f,mini,Mini,eiko,Eiko,56,54,4,4,0.892857,0.862069,1.0,0.965517,triad_all_single_token,triad_no_single_token,3,0,1.0,0.0,1.0,2.0,1,2,0.035718,0,0.030788,0.034483,False,0.383625
triad_fn_pair_00081,triad_split_a,11,asian_pi|f,asian_pi,f,tran,Tran,ngan,Ngan,217,199,4,4,0.981567,0.98995,0.81106,0.78392,triad_all_single_token,triad_no_single_token,3,0,1.0,0.0,1.0,2.0,1,2,0.086178,0,0.008383,0.02714,False,0.389463
triad_fn_pair_00089,triad_split_b,12,asian_pi|f,asian_pi,f,apple,Apple,misao,Misao,68,74,5,5,0.705882,0.666667,1.0,1.0,triad_all_single_token,triad_no_single_token,3,0,1.0,0.0,1.0,2.0,1,2,0.083381,0,0.039215,0.0,False,0.392204
triad_fn_pair_00097,triad_split_a,13,asian_pi|f,asian_pi,f,jing,Jing,xuan,Xuan,254,288,4,4,0.996063,0.975694,0.807087,0.805556,triad_all_single_token,triad_no_single_token,3,0,1.0,0.0,1.0,2.0,1,2,0.125163,0,0.020369,0.001531,False,0.408013
triad_fn_pair_00105,triad_split_b,14,asian_pi|f,asian_pi,f,yin,Yin,yee,Yee,96,124,3,3,0.927083,0.945455,0.6875,0.781818,triad_all_single_token,triad_no_single_token,3,0,1.0,0.0,1.0,2.0,1,2,0.253603,0,0.018372,0.094318,True,0.422638
triad_fn_pair_00113,triad_split_a,15,asian_pi|f,asian_pi,f,hang,Hang,zoha,Zoha,316,310,4,4,0.990506,1.0,0.905063,1.0,triad_all_single_token,triad_no_single_token,3,0,1.0,0.0,1.0,2.0,1,2,0.019109,0,0.009494,0.094937,False,0.425756
triad_fn_pair_00121,triad_split_b,16,asian_pi|f,asian_pi,f,ling,Ling,bich,Bich,140,120,4,4,0.978571,0.991667,0.892857,0.883333,triad_all_single_token,triad_no_single_token,3,0,1.0,0.0,1.0,2.0,1,2,0.152969,0,0.013096,0.009524,False,0.436899
triad_fn_pair_00129,triad_split_a,17,asian_pi|f,asian_pi,f,mee,Mee,hye,Hye,109,121,3,3,0.972222,0.983471,0.916667,0.966942,triad_all_single_token,triad_no_single_token,3,0,1.0,0.0,1.0,2.0,1,2,0.103541,0,0.011249,0.050275,False,0.445827
triad_fn_pair_00137,triad_split_b,18,asian_pi|f,asian_pi,f,asma,Asma,amna,Amna,702,518,4,4,0.697368,0.789474,0.993421,1.0,triad_all_single_token,triad_no_single_token,3,0,1.0,0.0,1.0,2.0,1,2,0.303453,0,0.092106,0.006579,True,0.451481
triad_fn_pair_00145,triad_split_a,19,asian_pi|f,asian_pi,f,loan,Loan,anvi,Anvi,410,349,4,4,0.982927,1.0,0.987805,1.0,triad_all_single_token,triad_no_single_token,3,0,1.0,0.0,1.0,2.0,1,2,0.16066,0,0.017073,0.012195,False,0.454562
triad_fn_pair_00153,triad_split_b,20,asian_pi|f,asian_pi,f,thy,Thy,hae,Hae,88,78,3,3,0.988636,0.987179,0.784091,0.717949,triad_all_single_token,triad_no_single_token,3,0,1.0,0.0,1.0,2.0,1,2,0.119188,0,0.001457,0.066142,False,0.470586
triad_fn_pair_00161,triad_split_a,21,asian_pi|f,asian_pi,f,lien,Lien,esha,Esha,448,513,4,4,0.84375,0.833333,0.953125,1.0,triad_all_single_token,triad_no_single_token,3,0,1.0,0.0,1.0,2.0,1,2,0.1352,0,0.010417,0.046875,False,0.471138
triad_fn_pair_00169,triad_split_b,22,asian_pi|f,asian_pi,f,xiao,Xiao,diep,Diep,175,168,4,4,1.0,0.982143,0.708571,0.815476,triad_all_single_token,triad_no_single_token,3,0,1.0,0.0,1.0,2.0,1,2,0.040585,0,0.017857,0.106905,False,0.477728
triad_fn_pair_00177,triad_split_a,23,asian_pi|f,asian_pi,f,yuk,Yuk,fei,Fei,62,56,3,3,0.935484,0.982143,0.790323,0.732143,triad_all_single_token,triad_no_single_token,3,0,1.0,0.0,1.0,2.0,1,2,0.100084,0,0.046659,0.05818,False,0.507342
triad_fn_pair_00185,triad_split_b,24,asian_pi|f,asian_pi,f,pang,Pang,zaara,Zaara,211,215,4,5,1.0,1.0,1.0,1.0,triad_all_single_token,triad_no_single_token,3,0,1.0,0.0,1.0,2.0,1,2,0.018692,1,0.0,0.0,False,0.518692
triad_fn_pair_00193,triad_split_a,25,asian_pi|f,asian_pi,f,rama,Rama,rida,Rida,134,218,4,4,0.686567,0.703704,0.69403,0.703704,triad_all_single_token,triad_no_single_token,3,0,1.0,0.0,1.0,2.0,1,2,0.483797,0,0.017137,0.009674,True,0.524013
triad_fn_pair_00002,triad_split_a,1,asian_pi|m,asian_pi,m,atif,Atif,avik,Avik,63,63,4,4,0.761905,0.75,1.0,1.0,triad_all_single_token,triad_no_single_token,3,0,1.0,0.0,1.0,2.0,1,2,0.0,0,0.011905,0.0,True,0.017858
triad_fn_pair_00010,triad_split_b,2,asian_pi|m,asian_pi,m,koji,Koji,kiet,Kiet,131,121,4,4,1.0,0.975207,1.0,0.983471,triad_all_single_token,triad_no_single_token,3,0,1.0,0.0,1.0,2.0,1,2,0.078781,0,0.024793,0.016529,True,0.140764
triad_fn_pair_00018,triad_split_a,3,asian_pi|m,asian_pi,m,sheikh,Sheikh,satish,Satish,121,118,6,6,0.843137,0.957627,1.0,1.0,triad_all_single_token,triad_no_single_token,3,0,1.0,0.0,1.0,2.0,1,2,0.024898,0,0.11449,0.0,True,0.196633
triad_fn_pair_00026,triad_split_b,4,asian_pi|m,asian_pi,m,trong,Trong,tadao,Tadao,67,56,5,5,0.985075,1.0,0.970149,1.0,triad_all_single_token,triad_no_single_token,3,0,1.0,0.0,1.0,2.666667,1,3,0.176457,0,0.014925,0.029851,True,0.243621
triad_fn_pair_00034,triad_split_a,5,asian_pi|m,asian_pi,m,kush,Kush,khoi,Khoi,149,129,4,4,0.97619,0.960784,1.0,0.931373,triad_all_single_token,triad_no_single_token,3,0,1.0,0.0,1.0,2.0,1,2,0.143101,0,0.015406,0.068627,True,0.26915
triad_fn_pair_00042,triad_split_b,6,asian_pi|m,asian_pi,m,dang,Dang,chee,Chee,108,107,4,4,0.990741,1.0,0.731481,0.727273,triad_all_single_token,triad_no_single_token,3,0,1.0,0.0,1.0,2.0,1,2,0.009217,0,0.009259,0.004208,False,0.279417
triad_fn_pair_00050,triad_split_a,7,asian_pi|m,asian_pi,m,kumar,Kumar,kento,Kento,105,113,5,5,0.857143,1.0,1.0,1.0,triad_all_single_token,triad_no_single_token,3,0,1.0,0.0,1.0,2.0,1,2,0.072759,0,0.142857,0.0,True,0.287044
triad_fn_pair_00058,triad_split_b,8,asian_pi|m,asian_pi,m,sinh,Sinh,siva,Siva,57,59,4,4,1.0,0.864407,0.684211,0.728814,triad_all_single_token,triad_no_single_token,3,0,1.0,0.0,1.0,2.0,1,2,0.033902,0,0.135593,0.044603,True,0.304196
triad_fn_pair_00066,triad_split_a,9,asian_pi|m,asian_pi,m,vien,Vien,vuong,Vuong,70,68,4,5,1.0,1.0,0.8,0.823529,triad_all_single_token,triad_no_single_token,3,0,1.0,0.0,1.0,2.0,1,2,0.028573,1,0.0,0.023529,True,0.313866
triad_fn_pair_00074,triad_split_b,10,asian_pi|m,asian_pi,m,the,The,zhi,Zhi,64,64,3,3,1.0,1.0,0.703125,0.65625,triad_all_single_token,triad_no_single_token,3,0,1.0,0.0,1.0,2.0,1,2,0.0,0,0.0,0.046875,False,0.320312
triad_fn_pair_00082,triad_split_a,11,asian_pi|m,asian_pi,m,kong,Kong,hieu,Hieu,327,320,4,4,1.0,1.0,0.809524,0.775,triad_all_single_token,triad_no_single_token,3,0,1.0,0.0,1.0,2.0,1,2,0.021573,0,0.0,0.034524,False,0.323359
triad_fn_pair_00090,triad_split_b,12,asian_pi|m,asian_pi,m,asad,Asad,anil,Anil,412,345,4,4,0.829268,0.924638,1.0,0.994203,triad_all_single_token,triad_no_single_token,3,0,1.0,0.0,1.0,2.0,1,2,0.177009,0,0.09537,0.005797,True,0.328759
triad_fn_pair_00098,triad_split_a,13,asian_pi|m,asian_pi,m,dong,Dong,yeng,Yeng,180,184,4,4,1.0,1.0,0.788889,0.75,triad_all_single_token,triad_no_single_token,3,0,1.0,0.0,1.0,2.0,1,2,0.021859,0,0.0,0.038889,False,0.330192
triad_fn_pair_00106,triad_split_b,14,asian_pi|m,asian_pi,m,chang,Chang,duong,Duong,145,147,5,5,0.931034,0.979592,0.772414,0.768707,triad_all_single_token,triad_no_single_token,3,0,1.0,0.0,1.0,2.0,1,2,0.013605,0,0.048558,0.003707,False,0.342003
triad_fn_pair_00114,triad_split_a,15,asian_pi|m,asian_pi,m,viet,Viet,vinh,Vinh,397,551,4,4,0.996283,0.991781,0.914498,0.89863,triad_all_single_token,triad_no_single_token,3,0,1.0,0.0,1.0,2.0,1,2,0.327096,0,0.004502,0.015868,True,0.357651
triad_fn_pair_00122,triad_split_b,16,asian_pi|m,asian_pi,m,than,Than,toua,Toua,60,61,4,4,0.95,1.0,0.816667,1.0,triad_all_single_token,triad_no_single_token,3,0,1.0,0.0,1.0,2.0,1,2,0.01626,0,0.05,0.183333,True,0.366259
triad_fn_pair_00130,triad_split_a,17,asian_pi|m,asian_pi,m,long,Long,tuan,Tuan,767,732,4,4,0.985597,0.990437,0.944444,0.986339,triad_all_single_token,triad_no_single_token,3,0,1.0,0.0,1.0,2.0,1,2,0.046644,0,0.00484,0.041895,False,0.366746
triad_fn_pair_00138,triad_split_b,18,asian_pi|m,asian_pi,m,hung,Hung,yash,Yash,843,852,4,4,0.991696,0.96,0.959668,1.0,triad_all_single_token,triad_no_single_token,3,0,1.0,0.0,1.0,2.0,1,2,0.010608,0,0.031696,0.040332,False,0.36865
triad_fn_pair_00146,triad_split_a,19,asian_pi|m,asian_pi,m,sang,Sang,nhan,Nhan,307,284,4,4,0.990228,0.996479,0.677524,0.700704,triad_all_single_token,triad_no_single_token,3,0,1.0,0.0,1.0,2.0,1,2,0.077611,0,0.006251,0.02318,False,0.371758
triad_fn_pair_00154,triad_split_b,20,asian_pi|m,asian_pi,m,amit,Amit,ajay,Ajay,1157,1478,4,4,0.854167,0.910638,0.96875,1.0,triad_all_single_token,triad_no_single_token,3,0,1.0,0.0,1.0,2.0,1,2,0.244671,0,0.056471,0.03125,True,0.376253
triad_fn_pair_00162,triad_split_a,21,asian_pi|m,asian_pi,m,harsh,Harsh,haresh,Haresh,65,65,5,6,0.984615,0.953846,0.938462,1.0,triad_all_single_token,triad_no_single_token,3,0,1.0,0.0,1.0,2.0,1,2,0.0,1,0.030769,0.061538,True,0.388461
triad_fn_pair_00170,triad_split_b,22,asian_pi|m,asian_pi,m,cong,Cong,liem,Liem,94,95,4,4,0.978723,0.936842,0.861702,0.915789,triad_all_single_token,triad_no_single_token,3,0,1.0,0.0,1.0,2.0,1,2,0.010471,0,0.041881,0.054087,False,0.404423
triad_fn_pair_00178,triad_split_a,23,asian_pi|m,asian_pi,m,abu,Abu,ajit,Ajit,76,70,3,4,0.881579,0.914286,0.960526,0.942857,triad_all_single_token,triad_no_single_token,3,0,1.0,0.0,1.0,2.0,1,2,0.081125,1,0.032707,0.017669,True,0.406689
triad_fn_pair_00186,triad_split_b,24,asian_pi|m,asian_pi,m,jong,Jong,huan,Huan,98,105,4,4,0.979592,0.980952,0.683673,0.742857,triad_all_single_token,triad_no_single_token,3,0,1.0,0.0,1.0,2.0,1,2,0.068319,0,0.00136,0.059184,False,0.409135
triad_fn_pair_00194,triad_split_a,25,asian_pi|m,asian_pi,m,tin,Tin,phu,Phu,164,180,3,3,0.981707,0.994444,0.859756,0.894444,triad_all_single_token,triad_no_single_token,3,0,1.0,0.0,1.0,2.0,1,2,0.092552,0,0.012737,0.034688,False,0.413689
triad_fn_pair_00003,triad_split_a,1,hispanic|f,hispanic,f,analy,Analy,anali,Anali,1145,1163,5,5,0.903226,0.923077,1.0,1.0,triad_all_single_token,triad_no_single_token,3,0,1.0,0.0,1.0,2.0,1,2,0.015585,0,0.019851,0.0,True,0.045362
triad_fn_pair_00011,triad_split_b,2,hispanic|f,hispanic,f,albania,Albania,avalina,Avalina,73,74,7,7,0.972603,1.0,1.0,1.0,triad_all_single_token,triad_no_single_token,3,0,1.0,0.0,1.0,2.0,1,2,0.013423,0,0.027397,0.0,True,0.054519
triad_fn_pair_00019,triad_split_a,3,hispanic|f,hispanic,f,marines,Marines,martiza,Martiza,89,85,7,7,0.925,0.916667,1.0,1.0,triad_all_single_token,triad_no_single_token,3,0,1.0,0.0,1.0,2.0,1,2,0.045463,0,0.008333,0.0,True,0.057962
triad_fn_pair_00027,triad_split_b,4,hispanic|f,hispanic,f,fior,Fior,fany,Fany,86,92,4,4,0.892857,0.904762,1.0,0.988095,triad_all_single_token,triad_no_single_token,3,0,1.0,0.0,1.0,2.0,1,2,0.066691,0,0.011905,0.011905,True,0.102406
triad_fn_pair_00035,triad_split_a,5,hispanic|f,hispanic,f,sole,Sole,sira,Sira,52,54,4,4,0.75,0.755102,1.0,0.959184,triad_all_single_token,triad_no_single_token,3,0,1.0,0.0,1.0,2.0,1,2,0.037041,0,0.005102,0.040816,True,0.105918
triad_fn_pair_00043,triad_split_b,6,hispanic|f,hispanic,f,daily,Daily,dorys,Dorys,100,105,5,5,0.96,0.917526,0.97,1.0,triad_all_single_token,triad_no_single_token,3,0,1.0,0.0,1.0,3.0,1,3,0.048318,0,0.042474,0.03,True,0.157029
triad_fn_pair_00051,triad_split_a,7,hispanic|f,hispanic,f,ailed,Ailed,anely,Anely,96,85,5,5,0.981132,0.947368,1.0,1.0,triad_all_single_token,triad_no_single_token,3,0,1.0,0.0,1.0,2.0,1,2,0.120364,0,0.033764,0.0,True,0.17101
triad_fn_pair_00059,triad_split_b,8,hispanic|f,hispanic,f,carmen,Carmen,camila,Camila,60522,61106,6,6,0.807055,0.902951,0.979911,0.997377,triad_all_single_token,triad_no_single_token,3,0,1.0,0.0,1.0,2.0,1,2,0.009603,0,0.095896,0.017466,True,0.179646
triad_fn_pair_00067,triad_split_a,9,hispanic|f,hispanic,f,infant,Infant,ivette,Ivette,6576,6780,6,6,1.0,0.89765,1.0,0.995451,triad_all_single_token,triad_no_single_token,3,0,1.0,0.0,1.0,2.0,1,2,0.030546,0,0.10235,0.004549,True,0.190894
triad_fn_pair_00075,triad_split_b,10,hispanic|f,hispanic,f,enna,Enna,elga,Elga,64,71,4,4,0.711538,0.732394,1.0,0.957746,triad_all_single_token,triad_no_single_token,3,0,1.0,0.0,1.0,2.0,1,2,0.102279,0,0.020856,0.042254,True,0.196944
triad_fn_pair_00083,triad_split_a,11,hispanic|f,hispanic,f,anny,Anny,ammy,Ammy,503,427,4,4,0.750903,0.727273,0.99278,1.0,triad_all_single_token,triad_no_single_token,3,0,1.0,0.0,1.0,2.0,1,2,0.163453,0,0.02363,0.00722,True,0.209728
triad_fn_pair_00091,triad_split_b,12,hispanic|f,hispanic,f,ynes,Ynes,yuli,Yuli,56,50,4,4,0.839286,0.85,0.982143,0.925,triad_all_single_token,triad_no_single_token,3,0,1.0,0.0,1.0,2.0,1,2,0.111225,0,0.010714,0.057143,True,0.213011
triad_fn_pair_00099,triad_split_a,13,hispanic|f,hispanic,f,indiana,Indiana,illiana,Illiana,676,670,7,7,0.72,0.763158,0.891429,1.0,triad_all_single_token,triad_no_single_token,3,0,1.0,0.0,1.0,2.0,1,2,0.008902,0,0.043158,0.108571,True,0.236495
triad_fn_pair_00107,triad_split_b,14,hispanic|f,hispanic,f,magna,Magna,milta,Milta,55,51,5,5,0.740741,0.875,1.0,1.0,triad_all_single_token,triad_no_single_token,3,0,1.0,0.0,1.0,2.0,1,2,0.074108,0,0.134259,0.0,True,0.275496
triad_fn_pair_00115,triad_split_a,15,hispanic|f,hispanic,f,zenia,Zenia,maida,Maida,338,338,5,5,0.708333,0.71987,1.0,0.993485,triad_all_single_token,triad_no_single_token,3,0,1.0,0.0,1.0,2.0,1,2,0.0,0,0.011537,0.006515,False,0.277078
triad_fn_pair_00123,triad_split_b,16,hispanic|f,hispanic,f,aide,Aide,anai,Anai,1262,1094,4,4,0.878049,0.833333,0.95122,1.0,triad_all_single_token,triad_no_single_token,3,0,1.0,0.0,1.0,2.0,1,2,0.142735,0,0.044716,0.04878,True,0.282979
triad_fn_pair_00131,triad_split_a,17,hispanic|f,hispanic,f,america,America,aracely,Aracely,7095,5977,7,7,0.861314,0.933476,0.99635,0.991416,triad_all_single_token,triad_no_single_token,3,0,1.0,0.0,1.0,2.666667,1,3,0.171446,0,0.072162,0.004934,True,0.28709
triad_fn_pair_00139,triad_split_b,18,hispanic|f,hispanic,f,yeni,Yeni,eira,Eira,125,123,4,4,0.9,0.903226,0.981818,1.0,triad_all_single_token,triad_no_single_token,3,0,1.0,0.0,1.0,2.0,1,2,0.016,0,0.003226,0.018182,False,0.298112
triad_fn_pair_00147,triad_split_a,19,hispanic|f,hispanic,f,nelly,Nelly,anais,Anais,3840,3982,5,5,0.835416,0.851667,0.995655,0.99,triad_all_single_token,triad_no_single_token,3,0,1.0,0.0,1.0,2.0,1,2,0.036303,0,0.016251,0.005655,False,0.319162
triad_fn_pair_00155,triad_split_b,20,hispanic|f,hispanic,f,ela,Ela,elsy,Elsy,726,703,3,4,0.830409,0.851986,0.988304,0.99278,triad_all_single_token,triad_no_single_token,3,0,1.0,0.0,1.0,2.0,1,2,0.032148,1,0.021577,0.004476,True,0.321227
triad_fn_pair_00163,triad_split_a,21,hispanic|f,hispanic,f,juana,Juana,emely,Emely,10931,11438,5,5,0.93054,0.917355,0.990232,0.996694,triad_all_single_token,triad_no_single_token,3,0,1.0,0.0,1.0,2.0,1,2,0.045334,0,0.013185,0.006462,False,0.324805
triad_fn_pair_00171,triad_split_b,22,hispanic|f,hispanic,f,santa,Santa,keily,Keily,2084,2121,5,5,0.793651,0.811594,0.98557,0.956522,triad_all_single_token,triad_no_single_token,3,0,1.0,0.0,1.0,2.0,1,2,0.01759,0,0.017943,0.029048,False,0.338077
triad_fn_pair_00179,triad_split_a,23,hispanic|f,hispanic,f,ania,Ania,alida,Alida,794,775,4,5,0.716511,0.674528,0.993769,0.995283,triad_all_single_token,triad_no_single_token,3,0,1.0,0.0,1.0,2.0,1,2,0.024189,1,0.041983,0.001514,True,0.339434
triad_fn_pair_00187,triad_split_b,24,hispanic|f,hispanic,f,angeles,Angeles,rosalva,Rosalva,1537,1547,7,7,0.802589,0.865672,0.970874,0.970149,triad_all_single_token,triad_no_single_token,3,0,1.0,0.0,1.0,2.666667,1,3,0.006481,0,0.063083,0.000725,False,0.352193
triad_fn_pair_00195,triad_split_a,25,hispanic|f,hispanic,f,alis,Alis,mily,Mily,85,91,4,4,0.730769,0.75,0.923077,0.916667,triad_all_single_token,triad_no_single_token,3,0,1.0,0.0,1.0,2.0,1,2,0.067442,0,0.019231,0.00641,False,0.355903
triad_fn_pair_00004,triad_split_a,1,hispanic|m,hispanic,m,rodrigo,Rodrigo,rolando,Rolando,16465,16273,7,7,0.853855,0.869118,0.995972,0.995833,triad_all_single_token,triad_no_single_token,3,0,1.0,0.0,1.0,2.0,1,2,0.011729,0,0.015263,0.000139,True,0.034832
triad_fn_pair_00012,triad_split_b,2,hispanic|m,hispanic,m,ector,Ector,esgar,Esgar,253,237,5,5,0.666667,0.666667,1.0,1.0,triad_all_single_token,triad_no_single_token,3,0,1.0,0.0,1.0,2.0,1,2,0.065063,0,0.0,0.0,True,0.065063
triad_fn_pair_00020,triad_split_a,3,hispanic|m,hispanic,m,justo,Justo,juelz,Juelz,706,708,5,5,0.923841,1.0,0.995033,1.0,triad_all_single_token,triad_no_single_token,3,0,1.0,0.0,1.0,3.0,1,3,0.002825,0,0.076159,0.004967,True,0.124514
triad_fn_pair_00028,triad_split_b,4,hispanic|m,hispanic,m,elier,Elier,eleno,Eleno,170,171,5,5,0.981481,0.95,1.0,0.95,triad_all_single_token,triad_no_single_token,3,0,1.0,0.0,1.0,2.0,1,2,0.00583,0,0.031481,0.05,True,0.128052
triad_fn_pair_00036,triad_split_a,5,hispanic|m,hispanic,m,german,German,genaro,Genaro,5781,5001,6,6,0.919239,0.860399,0.99537,0.994302,triad_all_single_token,triad_no_single_token,3,0,1.0,0.0,1.0,2.0,1,2,0.144912,0,0.05884,0.001068,True,0.234774
triad_fn_pair_00044,triad_split_b,6,hispanic|m,hispanic,m,dinero,Dinero,alejos,Alejos,71,69,6,6,1.0,1.0,1.0,1.0,triad_all_single_token,triad_no_single_token,3,0,1.0,0.0,1.0,2.0,1,2,0.028171,0,0.0,0.0,False,0.278171
triad_fn_pair_00052,triad_split_a,7,hispanic|m,hispanic,m,domingo,Domingo,agustin,Agustin,9928,10173,7,7,0.885877,0.888889,0.996434,0.994949,triad_all_single_token,triad_no_single_token,3,0,1.0,0.0,1.0,2.0,1,2,0.024376,0,0.003012,0.001485,False,0.281122
triad_fn_pair_00060,triad_split_b,8,hispanic|m,hispanic,m,enrique,Enrique,gerardo,Gerardo,38689,37839,7,7,0.893529,0.899939,0.994651,0.99635,triad_all_single_token,triad_no_single_token,3,0,1.0,0.0,1.0,2.0,1,2,0.022214,0,0.00641,0.001699,False,0.284378
triad_fn_pair_00068,triad_split_a,9,hispanic|m,hispanic,m,orlando,Orlando,joaquin,Joaquin,19281,20162,7,7,0.863143,0.857143,0.99411,0.996063,triad_all_single_token,triad_no_single_token,3,0,1.0,0.0,1.0,3.0,1,3,0.044678,0,0.006,0.001953,False,0.306607
triad_fn_pair_00076,triad_split_b,10,hispanic|m,hispanic,m,abdel,Abdel,axell,Axell,225,190,5,5,0.737968,0.833333,1.0,1.0,triad_all_single_token,triad_no_single_token,3,0,1.0,0.0,1.0,2.0,1,2,0.168262,0,0.095365,0.0,True,0.31131
triad_fn_pair_00084,triad_split_a,11,hispanic|m,hispanic,m,alian,Alian,eduin,Eduin,71,73,5,5,0.9375,0.923077,0.984375,1.0,triad_all_single_token,triad_no_single_token,3,0,1.0,0.0,1.0,2.0,1,2,0.027399,0,0.014423,0.015625,False,0.322471
triad_fn_pair_00092,triad_split_b,12,hispanic|m,hispanic,m,freddy,Freddy,matias,Matias,11702,11134,6,6,0.826954,0.8425,0.995148,0.995,triad_all_single_token,triad_no_single_token,3,0,1.0,0.0,1.0,2.0,1,2,0.049751,0,0.015546,0.000148,False,0.323292
triad_fn_pair_00100,triad_split_a,13,hispanic|m,hispanic,m,bernardino,Bernardino,bonifacio,Bonifacio,670,657,10,9,0.727941,0.697674,0.992647,1.0,triad_all_single_token,triad_no_single_token,3,0,1.0,0.0,1.0,2.666667,1,3,0.019564,1,0.030267,0.007353,True,0.325994
triad_fn_pair_00108,triad_split_b,14,hispanic|m,hispanic,m,adal,Adal,izek,Izek,93,86,4,4,1.0,1.0,1.0,1.0,triad_all_single_token,triad_no_single_token,3,0,1.0,0.0,1.0,2.0,1,2,0.077387,0,0.0,0.0,False,0.327387
triad_fn_pair_00116,triad_split_a,15,hispanic|m,hispanic,m,segundo,Segundo,sotero,Sotero,269,263,7,6,0.85283,0.815789,1.0,1.0,triad_all_single_token,triad_no_single_token,3,0,1.0,0.0,1.0,2.666667,1,3,0.022473,1,0.037041,0.0,True,0.328035
triad_fn_pair_00124,triad_split_b,16,hispanic|m,hispanic,m,felipe,Felipe,ramiro,Ramiro,20068,19015,6,6,0.878475,0.898927,0.996793,0.998211,triad_all_single_token,triad_no_single_token,3,0,1.0,0.0,1.0,2.0,1,2,0.053896,0,0.020452,0.001418,False,0.336701
triad_fn_pair_00132,triad_split_a,17,hispanic|m,hispanic,m,lenin,Lenin,cosme,Cosme,661,646,5,5,0.921687,0.896825,0.981928,1.0,triad_all_single_token,triad_no_single_token,3,0,1.0,0.0,1.0,2.0,1,2,0.02292,0,0.024862,0.018072,False,0.337321
triad_fn_pair_00140,triad_split_b,18,hispanic|m,hispanic,m,julio,Julio,josue,Josue,39305,30840,5,5,0.915733,0.849536,0.995765,0.996221,triad_all_single_token,triad_no_single_token,3,0,1.0,0.0,1.0,2.0,1,2,0.242532,0,0.066197,0.000456,True,0.342511
triad_fn_pair_00148,triad_split_a,19,hispanic|m,hispanic,m,alonso,Alonso,eliseo,Eliseo,6440,6620,6,6,0.882353,0.843678,0.986159,0.995402,triad_all_single_token,triad_no_single_token,3,0,1.0,0.0,1.0,2.666667,1,3,0.027563,0,0.038675,0.009243,False,0.34944
triad_fn_pair_00156,triad_split_b,20,hispanic|m,hispanic,m,norge,Norge,sylar,Sylar,82,83,5,5,0.961039,1.0,0.974026,1.0,triad_all_single_token,triad_no_single_token,3,0,1.0,0.0,1.0,2.333333,1,3,0.011976,0,0.038961,0.025974,False,0.359379
triad_fn_pair_00164,triad_split_a,21,hispanic|m,hispanic,m,washington,Washington,gianfranco,Gianfranco,179,195,10,10,0.674699,0.687861,1.0,0.99422,triad_all_single_token,triad_no_single_token,3,0,1.0,0.0,1.0,3.0,1,3,0.085158,0,0.013162,0.00578,False,0.363571
triad_fn_pair_00172,triad_split_b,22,hispanic|m,hispanic,m,hermes,Hermes,uvaldo,Uvaldo,261,257,6,6,0.875,0.888889,0.945833,0.888889,triad_all_single_token,triad_no_single_token,3,0,1.0,0.0,1.0,3.0,1,3,0.015385,0,0.013889,0.056944,False,0.371635
triad_fn_pair_00180,triad_split_a,23,hispanic|m,hispanic,m,eder,Eder,eliel,Eliel,1698,1663,4,5,0.708333,0.764706,0.983333,1.0,triad_all_single_token,triad_no_single_token,3,0,1.0,0.0,1.0,2.0,1,2,0.020815,1,0.056373,0.016667,True,0.380375
triad_fn_pair_00188,triad_split_b,24,hispanic|m,hispanic,m,marino,Marino,manolo,Manolo,360,484,6,6,0.77044,0.818182,0.990566,1.0,triad_all_single_token,triad_no_single_token,3,0,1.0,0.0,1.0,2.0,1,2,0.295271,0,0.047742,0.009434,True,0.381035
triad_fn_pair_00196,triad_split_a,25,hispanic|m,hispanic,m,rito,Rito,rigo,Rigo,709,906,4,4,0.731707,0.84,1.0,1.0,triad_all_single_token,triad_no_single_token,3,0,1.0,0.0,1.0,2.0,1,2,0.244877,0,0.108293,0.0,True,0.407316
triad_fn_pair_00005,triad_split_a,1,nh_black|f,nh_black,f,africa,Africa,azelia,Azelia,67,67,6,6,0.727273,0.666667,1.0,1.0,triad_all_single_token,triad_no_single_token,3,0,1.0,0.0,1.0,2.0,1,2,0.0,0,0.060606,0.0,True,0.090909
triad_fn_pair_00013,triad_split_b,2,nh_black|f,nh_black,f,tanzania,Tanzania,teneshia,Teneshia,63,54,8,8,1.0,1.0,1.0,1.0,triad_all_single_token,triad_no_single_token,3,0,1.0,0.0,1.0,3.0,1,3,0.15155,0,0.0,0.0,True,0.15155
triad_fn_pair_00021,triad_split_a,3,nh_black|f,nh_black,f,monet,Monet,marva,Marva,1374,1410,5,5,0.802548,0.854951,0.955414,0.997211,triad_all_single_token,triad_no_single_token,3,0,1.0,0.0,1.0,2.0,1,2,0.025845,0,0.052403,0.041797,True,0.167145
triad_fn_pair_00029,triad_split_b,4,nh_black|f,nh_black,f,passion,Passion,porscha,Porscha,249,264,7,7,0.947368,0.878788,0.986842,0.979798,triad_all_single_token,triad_no_single_token,3,0,1.0,0.0,1.0,3.0,1,3,0.058269,0,0.06858,0.007044,True,0.171705
triad_fn_pair_00037,triad_split_a,5,nh_black|f,nh_black,f,majesty,Majesty,malaika,Malaika,570,625,7,7,0.75,0.786517,0.9375,0.966292,triad_all_single_token,triad_no_single_token,3,0,1.0,0.0,1.0,2.666667,1,3,0.091961,0,0.036517,0.028792,True,0.189925
triad_fn_pair_00045,triad_split_b,6,nh_black|f,nh_black,f,amour,Amour,arrie,Arrie,63,55,5,5,0.714286,0.673469,0.714286,0.714286,triad_all_single_token,triad_no_single_token,3,0,1.0,0.0,1.0,2.0,1,2,0.133531,0,0.040817,0.0,True,0.194757
triad_fn_pair_00053,triad_split_a,7,nh_black|f,nh_black,f,dynasty,Dynasty,danisha,Danisha,358,428,7,7,0.774194,0.785714,1.0,1.0,triad_all_single_token,triad_no_single_token,3,0,1.0,0.0,1.0,2.0,1,2,0.178135,0,0.01152,0.0,True,0.195415
triad_fn_pair_00061,triad_split_b,8,nh_black|f,nh_black,f,latina,Latina,lanaya,Lanaya,130,117,6,6,0.804878,0.866667,1.0,1.0,triad_all_single_token,triad_no_single_token,3,0,1.0,0.0,1.0,2.0,1,2,0.104512,0,0.061789,0.0,True,0.197195
triad_fn_pair_00069,triad_split_a,9,nh_black|f,nh_black,f,avril,Avril,amiah,Amiah,1026,970,5,5,0.721212,0.684211,0.969697,0.894737,triad_all_single_token,triad_no_single_token,3,0,1.0,0.0,1.0,2.0,1,2,0.056071,0,0.037001,0.07496,True,0.224012
triad_fn_pair_00077,triad_split_b,10,nh_black|f,nh_black,f,nigeria,Nigeria,nadeige,Nadeige,55,51,7,7,0.934783,0.980392,0.934783,1.0,triad_all_single_token,triad_no_single_token,3,0,1.0,0.0,1.0,2.666667,1,3,0.074108,0,0.045609,0.065217,True,0.240347
triad_fn_pair_00085,triad_split_a,11,nh_black|f,nh_black,f,paradise,Paradise,pearlene,Pearlene,130,115,8,8,0.769231,0.866667,1.0,1.0,triad_all_single_token,triad_no_single_token,3,0,1.0,0.0,1.0,2.0,1,2,0.121607,0,0.097436,0.0,True,0.267761
triad_fn_pair_00093,triad_split_b,12,nh_black|f,nh_black,f,bloom,Bloom,zaiya,Zaiya,51,52,5,5,1.0,1.0,1.0,1.0,triad_all_single_token,triad_no_single_token,3,0,1.0,0.0,1.0,3.0,1,3,0.019048,0,0.0,0.0,False,0.269048
triad_fn_pair_00101,triad_split_a,13,nh_black|f,nh_black,f,avis,Avis,amya,Amya,1848,1852,4,4,0.651357,0.8,0.954071,0.986667,triad_all_single_token,triad_no_single_token,3,0,1.0,0.0,1.0,2.0,1,2,0.002161,0,0.148643,0.032596,True,0.27402
triad_fn_pair_00109,triad_split_b,14,nh_black|f,nh_black,f,honesty,Honesty,darline,Darline,888,854,7,7,0.71875,0.71916,1.0,0.997375,triad_all_single_token,triad_no_single_token,3,0,1.0,0.0,1.0,2.0,1,2,0.038996,0,0.00041,0.002625,False,0.293549
triad_fn_pair_00117,triad_split_a,15,nh_black|f,nh_black,f,essence,Essence,latanya,Latanya,2362,2326,7,7,0.942529,0.963636,0.996169,0.994805,triad_all_single_token,triad_no_single_token,3,0,1.0,0.0,1.0,2.0,1,2,0.015352,0,0.021107,0.001364,False,0.299058
triad_fn_pair_00125,triad_split_b,16,nh_black|f,nh_black,f,india,India,nylah,Nylah,3325,3368,5,5,0.725664,0.75,1.0,1.0,triad_all_single_token,triad_no_single_token,3,0,1.0,0.0,1.0,2.333333,1,3,0.012845,0,0.024336,0.0,False,0.299349
triad_fn_pair_00133,triad_split_a,17,nh_black|f,nh_black,f,infinity,Infinity,amiracle,Amiracle,78,77,8,8,0.85,0.875,1.0,1.0,triad_all_single_token,triad_no_single_token,3,0,1.0,0.0,1.0,2.0,1,2,0.012739,0,0.025,0.0,False,0.300239
triad_fn_pair_00141,triad_split_b,18,nh_black|f,nh_black,f,lovely,Lovely,laniya,Laniya,491,432,6,6,0.889299,1.0,0.98893,1.0,triad_all_single_token,triad_no_single_token,3,0,1.0,0.0,1.0,2.666667,1,3,0.127741,0,0.110701,0.01107,True,0.310397
triad_fn_pair_00149,triad_split_a,19,nh_black|f,nh_black,f,sakura,Sakura,shanee,Shanee,478,378,6,6,0.8,0.796875,0.933333,0.984375,triad_all_single_token,triad_no_single_token,3,0,1.0,0.0,1.0,2.0,1,2,0.234165,0,0.003125,0.051042,True,0.315416
triad_fn_pair_00157,triad_split_b,20,nh_black|f,nh_black,f,eternity,Eternity,evelyne,Evelyne,527,529,8,7,0.666667,0.708108,1.0,1.0,triad_all_single_token,triad_no_single_token,3,0,1.0,0.0,1.0,2.666667,1,3,0.003781,1,0.041441,0.0,True,0.315942
triad_fn_pair_00165,triad_split_a,21,nh_black|f,nh_black,f,jamaica,Jamaica,jerline,Jerline,128,148,7,7,0.730769,0.789474,0.942308,1.0,triad_all_single_token,triad_no_single_token,3,0,1.0,0.0,1.0,2.0,1,2,0.144134,0,0.058705,0.057692,True,0.31873
triad_fn_pair_00173,triad_split_b,22,nh_black|f,nh_black,f,china,China,kecia,Kecia,670,658,5,5,0.656977,0.681159,0.982558,0.992754,triad_all_single_token,triad_no_single_token,3,0,1.0,0.0,1.0,2.0,1,2,0.018045,0,0.024182,0.010196,False,0.319612
triad_fn_pair_00181,triad_split_a,23,nh_black|f,nh_black,f,easter,Easter,kenadi,Kenadi,162,159,6,6,0.704082,0.666667,1.0,1.0,triad_all_single_token,triad_no_single_token,3,0,1.0,0.0,1.0,2.0,1,2,0.018576,0,0.037415,0.0,False,0.324699
triad_fn_pair_00189,triad_split_b,24,nh_black|f,nh_black,f,eline,Eline,esmie,Esmie,51,56,5,5,0.780488,0.884615,0.902439,0.961538,triad_all_single_token,triad_no_single_token,3,0,1.0,0.0,1.0,2.0,1,2,0.091807,0,0.104127,0.059099,True,0.336646
triad_fn_pair_00197,triad_split_a,25,nh_black|f,nh_black,f,rhode,Rhode,ritha,Ritha,62,63,5,5,0.654545,0.8,0.909091,0.981818,triad_all_single_token,triad_no_single_token,3,0,1.0,0.0,1.0,3.0,1,3,0.015748,0,0.145455,0.072727,True,0.343021
triad_fn_pair_00006,triad_split_a,1,nh_black|m,nh_black,m,columbus,Columbus,chadrick,Chadrick,267,274,8,8,0.780822,0.764706,1.0,1.0,triad_all_single_token,triad_no_single_token,3,0,1.0,0.0,1.0,2.333333,1,3,0.025784,0,0.016116,0.0,True,0.049958
triad_fn_pair_00014,triad_split_b,2,nh_black|m,nh_black,m,mister,Mister,marqus,Marqus,53,51,6,6,0.875,0.9,1.0,1.0,triad_all_single_token,triad_no_single_token,3,0,1.0,0.0,1.0,2.0,1,2,0.03774,0,0.025,0.0,True,0.07524
triad_fn_pair_00022,triad_split_a,3,nh_black|m,nh_black,m,jamal,Jamal,jalen,Jalen,8214,8096,5,5,0.849774,0.848268,0.989684,0.949821,triad_all_single_token,triad_no_single_token,3,0,1.0,0.0,1.0,2.0,1,2,0.014468,0,0.001506,0.039863,True,0.076521
triad_fn_pair_00030,triad_split_b,4,nh_black|m,nh_black,m,evans,Evans,emmit,Emmit,335,318,5,5,0.770115,0.766667,0.984674,1.0,triad_all_single_token,triad_no_single_token,3,0,1.0,0.0,1.0,2.0,1,2,0.05192,0,0.003448,0.015326,True,0.080081
triad_fn_pair_00038,triad_split_a,5,nh_black|m,nh_black,m,judge,Judge,jemal,Jemal,225,229,5,5,0.769231,0.815789,1.0,1.0,triad_all_single_token,triad_no_single_token,3,0,1.0,0.0,1.0,2.0,1,2,0.017544,0,0.046558,0.0,True,0.087381
triad_fn_pair_00046,triad_split_b,6,nh_black|m,nh_black,m,davon,Davon,donte,Donte,3028,3155,5,5,0.915441,0.95664,0.963235,0.98103,triad_all_single_token,triad_no_single_token,3,0,1.0,0.0,1.0,2.0,1,2,0.041073,0,0.041199,0.017795,True,0.129564
triad_fn_pair_00054,triad_split_a,7,nh_black|m,nh_black,m,jones,Jones,javan,Javan,557,570,5,5,0.657895,0.726562,0.934211,0.953125,triad_all_single_token,triad_no_single_token,3,0,1.0,0.0,1.0,2.0,1,2,0.02303,0,0.068667,0.018914,True,0.154401
triad_fn_pair_00062,triad_split_b,8,nh_black|m,nh_black,m,artist,Artist,andre',Andre',111,118,6,6,0.692308,0.773913,1.0,0.991304,triad_all_single_token,triad_no_single_token,3,0,1.0,0.0,1.0,2.0,1,2,0.060624,0,0.081605,0.008696,True,0.196075
triad_fn_pair_00070,triad_split_a,9,nh_black|m,nh_black,m,davidson,Davidson,d'angelo,D'Angelo,177,161,8,8,0.792683,0.728477,0.993902,1.0,triad_all_single_token,triad_no_single_token,3,0,1.0,0.0,1.0,3.0,1,3,0.094188,0,0.064206,0.006098,True,0.199644
triad_fn_pair_00078,triad_split_b,10,nh_black|m,nh_black,m,hawkins,Hawkins,horatio,Horatio,76,80,7,7,0.666667,0.77027,1.0,1.0,triad_all_single_token,triad_no_single_token,3,0,1.0,0.0,1.0,2.0,1,2,0.050644,0,0.103603,0.0,True,0.206049
triad_fn_pair_00086,triad_split_a,11,nh_black|m,nh_black,m,sirius,Sirius,azaire,Azaire,61,61,6,6,1.0,1.0,1.0,1.0,triad_all_single_token,triad_no_single_token,3,0,1.0,0.0,1.0,2.0,1,2,0.0,0,0.0,0.0,False,0.25
triad_fn_pair_00094,triad_split_b,12,nh_black|m,nh_black,m,cornel,Cornel,cheikh,Cheikh,98,98,6,6,0.675,0.8125,0.9625,1.0,triad_all_single_token,triad_no_single_token,3,0,1.0,0.0,1.0,2.0,1,2,0.0,0,0.1375,0.0375,True,0.2625
triad_fn_pair_00102,triad_split_a,13,nh_black|m,nh_black,m,everton,Everton,rahsaan,Rahsaan,327,338,7,7,0.954098,0.96,0.993443,1.0,triad_all_single_token,triad_no_single_token,3,0,1.0,0.0,1.0,3.0,1,3,0.032986,0,0.005902,0.006557,False,0.301674
triad_fn_pair_00110,triad_split_b,14,nh_black|m,nh_black,m,booker,Booker,dontae,Dontae,1078,1035,6,6,0.948571,0.948148,0.994286,0.985185,triad_all_single_token,triad_no_single_token,3,0,1.0,0.0,1.0,2.0,1,2,0.040668,0,0.000423,0.009101,False,0.304954
triad_fn_pair_00118,triad_split_a,15,nh_black|m,nh_black,m,aston,Aston,adley,Adley,795,754,5,5,0.836257,0.758621,0.988304,0.896552,triad_all_single_token,triad_no_single_token,3,0,1.0,0.0,1.0,2.0,1,2,0.052881,0,0.077636,0.091752,True,0.306963
triad_fn_pair_00126,triad_split_b,16,nh_black|m,nh_black,m,ernst,Ernst,elgin,Elgin,471,491,5,5,0.816777,0.662338,0.997792,0.974026,triad_all_single_token,triad_no_single_token,3,0,1.0,0.0,1.0,2.0,1,2,0.0415,0,0.154439,0.023766,True,0.308808
triad_fn_pair_00134,triad_split_a,17,nh_black|m,nh_black,m,pierre,Pierre,khalil,Khalil,4820,5047,6,6,0.749818,0.756696,0.992353,0.995536,triad_all_single_token,triad_no_single_token,3,0,1.0,0.0,1.0,2.0,1,2,0.04601,0,0.006878,0.003183,False,0.311102
triad_fn_pair_00142,triad_split_b,18,nh_black|m,nh_black,m,prosper,Prosper,therman,Therman,69,69,7,7,0.716667,0.692308,0.983333,1.0,triad_all_single_token,triad_no_single_token,3,0,1.0,0.0,1.0,2.0,1,2,0.0,0,0.024359,0.016667,False,0.311539
triad_fn_pair_00150,triad_split_a,19,nh_black|m,nh_black,m,nigel,Nigel,rufus,Rufus,3212,3409,5,5,0.692961,0.693642,0.993932,0.995665,triad_all_single_token,triad_no_single_token,3,0,1.0,0.0,1.0,2.0,1,2,0.059508,0,0.000681,0.001733,False,0.313129
triad_fn_pair_00158,triad_split_b,20,nh_black|m,nh_black,m,colbert,Colbert,traevon,Traevon,56,56,7,7,0.818182,0.863636,1.0,1.0,triad_all_single_token,triad_no_single_token,3,0,1.0,0.0,1.0,3.0,1,3,0.0,0,0.045454,0.0,False,0.318181
triad_fn_pair_00166,triad_split_a,21,nh_black|m,nh_black,m,schneider,Schneider,sulayman,Sulayman,67,66,9,8,1.0,1.0,0.964286,1.0,triad_all_single_token,triad_no_single_token,3,0,1.0,0.0,1.0,3.0,1,3,0.014815,1,0.0,0.035714,True,0.318386
triad_fn_pair_00174,triad_split_b,22,nh_black|m,nh_black,m,watson,Watson,felton,Felton,551,566,6,6,0.706294,0.721893,0.986014,1.0,triad_all_single_token,triad_no_single_token,3,0,1.0,0.0,1.0,2.0,1,2,0.026811,0,0.015599,0.013986,False,0.321189
triad_fn_pair_00182,triad_split_a,23,nh_black|m,nh_black,m,early,Early,ezell,Ezell,134,133,5,5,0.793103,0.945205,0.844828,0.90411,triad_all_single_token,triad_no_single_token,3,0,1.0,0.0,1.0,2.0,1,2,0.007435,0,0.152102,0.059282,True,0.324511
triad_fn_pair_00190,triad_split_b,24,nh_black|m,nh_black,m,quran,Quran,tyrek,Tyrek,240,244,5,5,1.0,1.0,0.958333,1.0,triad_all_single_token,triad_no_single_token,3,0,1.0,0.0,1.0,2.0,1,2,0.016461,0,0.0,0.041667,False,0.328961
triad_fn_pair_00198,triad_split_a,25,nh_black|m,nh_black,m,arlington,Arlington,ainsworth,Ainsworth,67,67,9,9,0.693548,0.916667,0.983871,0.983333,triad_all_single_token,triad_no_single_token,3,0,1.0,0.0,1.0,2.0,1,2,0.0,0,0.223119,0.000538,True,0.335485
triad_fn_pair_00007,triad_split_a,1,nh_white|f,nh_white,f,spring,Spring,sharyl,Sharyl,421,405,6,6,0.7625,0.773913,1.0,1.0,triad_all_single_token,triad_no_single_token,3,0,1.0,0.0,1.0,2.0,1,2,0.038652,0,0.011413,0.0,True,0.055771
triad_fn_pair_00015,triad_split_b,2,nh_white|f,nh_white,f,merry,Merry,meryl,Meryl,1796,1781,5,5,0.893204,0.91067,0.997573,0.98263,triad_all_single_token,triad_no_single_token,3,0,1.0,0.0,1.0,2.0,1,2,0.008382,0,0.017466,0.014943,True,0.056996
triad_fn_pair_00023,triad_split_a,3,nh_white|f,nh_white,f,kami,Kami,kaye,Kaye,1426,1441,4,4,0.816667,0.847007,0.979167,0.977827,triad_all_single_token,triad_no_single_token,3,0,1.0,0.0,1.0,2.0,1,2,0.010456,0,0.03034,0.00134,True,0.057976
triad_fn_pair_00031,triad_split_b,4,nh_white|f,nh_white,f,anat,Anat,abbi,Abbi,74,70,4,4,0.901639,0.902439,0.967213,0.97561,triad_all_single_token,triad_no_single_token,3,0,1.0,0.0,1.0,2.0,1,2,0.054808,0,0.0008,0.008397,True,0.068604
triad_fn_pair_00039,triad_split_a,5,nh_white|f,nh_white,f,memory,Memory,marcey,Marcey,71,74,6,6,0.74359,0.761194,0.974359,0.970149,triad_all_single_token,triad_no_single_token,3,0,1.0,0.0,1.0,3.0,1,3,0.040822,0,0.017604,0.00421,True,0.073543
triad_fn_pair_00047,triad_split_b,6,nh_white|f,nh_white,f,diane,Diane,debra,Debra,124021,115131,5,5,0.896199,0.897928,0.998498,0.998331,triad_all_single_token,triad_no_single_token,3,0,1.0,0.0,1.0,2.0,1,2,0.074379,0,0.001729,0.000167,True,0.077223
triad_fn_pair_00055,triad_split_a,7,nh_white|f,nh_white,f,aine,Aine,abbe,Abbe,291,289,4,4,0.896552,0.939394,0.965517,0.969697,triad_all_single_token,triad_no_single_token,3,0,1.0,0.0,1.0,2.0,1,2,0.006873,0,0.042842,0.00418,True,0.077406
triad_fn_pair_00063,triad_split_b,8,nh_white|f,nh_white,f,leta,Leta,laci,Laci,1978,1880,4,4,0.92517,0.918919,1.0,0.986486,triad_all_single_token,triad_no_single_token,3,0,1.0,0.0,1.0,2.0,1,2,0.050788,0,0.006251,0.013514,True,0.080436
triad_fn_pair_00071,triad_split_a,9,nh_white|f,nh_white,f,abra,Abra,amey,Amey,53,50,4,4,0.714286,0.72093,0.918367,0.906977,triad_all_single_token,triad_no_single_token,3,0,1.0,0.0,1.0,2.0,1,2,0.057158,0,0.006644,0.01139,True,0.084209
triad_fn_pair_00079,triad_split_b,10,nh_white|f,nh_white,f,elaine,Elaine,eileen,Eileen,60315,59338,6,6,0.781492,0.826857,0.998378,0.998347,triad_all_single_token,triad_no_single_token,3,0,1.0,0.0,1.0,2.0,1,2,0.016331,0,0.045365,3.1e-05,True,0.084425
triad_fn_pair_00087,triad_split_a,11,nh_white|f,nh_white,f,miranda,Miranda,melinda,Melinda,31606,33962,7,7,0.781407,0.789607,0.997487,0.998646,triad_all_single_token,triad_no_single_token,3,0,1.0,0.0,1.0,2.0,1,2,0.071893,0,0.0082,0.001159,True,0.085931
triad_fn_pair_00095,triad_split_b,12,nh_white|f,nh_white,f,sommer,Sommer,savana,Savana,1131,1162,6,6,0.796875,0.836735,1.0,1.0,triad_all_single_token,triad_no_single_token,3,0,1.0,0.0,1.0,2.0,1,2,0.027017,0,0.03986,0.0,True,0.086807
triad_fn_pair_00103,triad_split_a,13,nh_white|f,nh_white,f,meadow,Meadow,maegan,Maegan,2307,2398,6,6,0.862069,0.847118,0.982759,1.0,triad_all_single_token,triad_no_single_token,3,0,1.0,0.0,1.0,2.0,1,2,0.03867,0,0.014951,0.017241,True,0.086958
triad_fn_pair_00111,triad_split_b,14,nh_white|f,nh_white,f,kimber,Kimber,karrie,Karrie,1966,1921,6,6,0.913043,0.917313,0.951691,0.992248,triad_all_single_token,triad_no_single_token,3,0,1.0,0.0,1.0,2.333333,1,3,0.023143,0,0.00427,0.040557,True,0.090384
triad_fn_pair_00119,triad_split_a,15,nh_white|f,nh_white,f,columbia,Columbia,celestia,Celestia,59,63,8,8,0.714286,0.692308,1.0,1.0,triad_all_single_token,triad_no_single_token,3,0,1.0,0.0,1.0,3.0,1,3,0.064538,0,0.021978,0.0,True,0.097505
triad_fn_pair_00127,triad_split_b,16,nh_white|f,nh_white,f,nell,Nell,neva,Neva,2595,2624,4,4,0.820598,0.809322,0.953488,1.0,triad_all_single_token,triad_no_single_token,3,0,1.0,0.0,1.0,2.0,1,2,0.011109,0,0.011276,0.046512,True,0.097791
triad_fn_pair_00135,triad_split_a,17,nh_white|f,nh_white,f,january,January,juliane,Juliane,333,326,7,7,0.75,0.713235,0.978261,0.992647,triad_all_single_token,triad_no_single_token,3,0,1.0,0.0,1.0,2.0,1,2,0.021181,0,0.036765,0.014386,True,0.097908
triad_fn_pair_00143,triad_split_b,18,nh_white|f,nh_white,f,sumer,Sumer,stori,Stori,192,191,5,5,0.861538,0.928571,0.923077,0.928571,triad_all_single_token,triad_no_single_token,3,0,1.0,0.0,1.0,2.0,1,2,0.005195,0,0.067033,0.005494,True,0.113986
triad_fn_pair_00151,triad_split_a,19,nh_white|f,nh_white,f,abbey,Abbey,abbie,Abbie,2780,2908,5,5,0.90678,0.857494,0.980932,0.980344,triad_all_single_token,triad_no_single_token,3,0,1.0,0.0,1.0,2.0,1,2,0.044999,0,0.049286,0.000588,True,0.11981
triad_fn_pair_00159,triad_split_b,20,nh_white|f,nh_white,f,hind,Hind,hoda,Hoda,74,70,4,4,0.897959,0.875,0.979592,1.0,triad_all_single_token,triad_no_single_token,3,0,1.0,0.0,1.0,2.0,1,2,0.054808,0,0.022959,0.020408,True,0.119859
triad_fn_pair_00167,triad_split_a,21,nh_white|f,nh_white,f,laure,Laure,launa,Launa,197,188,5,5,0.702703,0.671233,0.981982,1.0,triad_all_single_token,triad_no_single_token,3,0,1.0,0.0,1.0,2.0,1,2,0.04652,0,0.03147,0.018018,True,0.120752
triad_fn_pair_00175,triad_split_b,22,nh_white|f,nh_white,f,adelaide,Adelaide,ashleigh,Ashleigh,6705,6517,8,8,0.781955,0.840849,1.0,0.996684,triad_all_single_token,triad_no_single_token,3,0,1.0,0.0,1.0,2.0,1,2,0.028435,0,0.058894,0.003316,True,0.12175
triad_fn_pair_00183,triad_split_a,23,nh_white|f,nh_white,f,marian,Marian,marcia,Marcia,25043,25003,6,6,0.734995,0.684862,0.966759,0.99773,triad_all_single_token,triad_no_single_token,3,0,1.0,0.0,1.0,2.0,1,2,0.001599,0,0.050133,0.030971,True,0.123255
triad_fn_pair_00191,triad_split_b,24,nh_white|f,nh_white,f,truly,Truly,terah,Terah,129,129,5,5,0.666667,0.655172,0.933333,0.862069,triad_all_single_token,triad_no_single_token,3,0,1.0,0.0,1.0,2.0,1,2,0.0,0,0.011495,0.071264,True,0.124139
triad_fn_pair_00199,triad_split_a,25,nh_white|f,nh_white,f,kelley,Kelley,kellie,Kellie,11159,10923,6,6,0.929417,0.915809,0.938392,0.99579,triad_all_single_token,triad_no_single_token,3,0,1.0,0.0,1.0,2.0,1,2,0.021374,0,0.013608,0.057398,True,0.127883
triad_fn_pair_00008,triad_split_a,1,nh_white|m,nh_white,m,coast,Coast,csaba,Csaba,67,66,5,5,1.0,1.0,1.0,1.0,triad_all_single_token,triad_no_single_token,3,0,1.0,0.0,1.0,2.0,1,2,0.014815,0,0.0,0.0,True,0.014815
triad_fn_pair_00016,triad_split_b,2,nh_white|m,nh_white,m,steel,Steel,spiro,Spiro,75,74,5,5,1.0,0.981818,1.0,1.0,triad_all_single_token,triad_no_single_token,3,0,1.0,0.0,1.0,2.0,1,2,0.013245,0,0.018182,0.0,True,0.040518
triad_fn_pair_00024,triad_split_a,3,nh_white|m,nh_white,m,gilles,Gilles,grigor,Grigor,153,149,6,6,0.879699,0.875,0.992481,1.0,triad_all_single_token,triad_no_single_token,3,0,1.0,0.0,1.0,2.0,1,2,0.026318,0,0.004699,0.007519,True,0.044645
triad_fn_pair_00032,triad_split_b,4,nh_white|m,nh_white,m,chip,Chip,cael,Cael,397,387,4,4,0.830508,0.8,1.0,1.0,triad_all_single_token,triad_no_single_token,3,0,1.0,0.0,1.0,2.0,1,2,0.025447,0,0.030508,0.0,True,0.071209
triad_fn_pair_00040,triad_split_a,5,nh_white|m,nh_white,m,ripp,Ripp,riku,Riku,79,86,4,4,1.0,1.0,1.0,1.0,triad_all_single_token,triad_no_single_token,3,0,1.0,0.0,1.0,2.0,1,2,0.083881,0,0.0,0.0,True,0.083881
triad_fn_pair_00048,triad_split_b,6,nh_white|m,nh_white,m,sergey,Sergey,shlome,Shlome,472,437,6,6,0.986667,1.0,1.0,1.0,triad_all_single_token,triad_no_single_token,3,0,1.0,0.0,1.0,2.333333,1,3,0.076876,0,0.013333,0.0,True,0.096875
triad_fn_pair_00056,triad_split_a,7,nh_white|m,nh_white,m,banner,Banner,bassem,Bassem,59,59,6,6,0.75,0.823529,1.0,1.0,triad_all_single_token,triad_no_single_token,3,0,1.0,0.0,1.0,2.0,1,2,0.0,0,0.073529,0.0,True,0.110293
triad_fn_pair_00064,triad_split_b,8,nh_white|m,nh_white,m,clarke,Clarke,chasen,Chasen,451,473,6,6,0.828125,0.833333,0.914062,0.952381,triad_all_single_token,triad_no_single_token,3,0,1.0,0.0,1.0,2.0,1,2,0.047525,0,0.005208,0.038319,True,0.112816
triad_fn_pair_00072,triad_split_a,9,nh_white|m,nh_white,m,lazar,Lazar,laird,Laird,134,133,5,5,0.823529,0.868421,1.0,0.973684,triad_all_single_token,triad_no_single_token,3,0,1.0,0.0,1.0,2.0,1,2,0.007435,0,0.044892,0.026316,True,0.114247
triad_fn_pair_00080,triad_split_b,10,nh_white|m,nh_white,m,athan,Athan,ayman,Ayman,707,697,5,5,0.857143,0.83,1.0,0.96,triad_all_single_token,triad_no_single_token,3,0,1.0,0.0,1.0,2.0,1,2,0.014225,0,0.027143,0.04,True,0.11494
triad_fn_pair_00088,triad_split_a,11,nh_white|m,nh_white,m,arsen,Arsen,aeden,Aeden,225,209,5,5,0.777778,0.75,1.0,1.0,triad_all_single_token,triad_no_single_token,3,0,1.0,0.0,1.0,2.0,1,2,0.073427,0,0.027778,0.0,True,0.115094
triad_fn_pair_00096,triad_split_b,12,nh_white|m,nh_white,m,knox,Knox,kade,Kade,4030,4098,4,4,0.904762,0.940171,0.952381,0.982906,triad_all_single_token,triad_no_single_token,3,0,1.0,0.0,1.0,2.0,1,2,0.016728,0,0.035409,0.030525,True,0.115629
triad_fn_pair_00104,triad_split_a,13,nh_white|m,nh_white,m,mikhail,Mikhail,mohamad,Mohamad,1107,1000,7,7,0.75,0.751351,0.984962,0.994595,triad_all_single_token,triad_no_single_token,3,0,1.0,0.0,1.0,2.666667,1,3,0.101557,0,0.001351,0.009633,True,0.118033
triad_fn_pair_00112,triad_split_b,14,nh_white|m,nh_white,m,jess,Jess,jett,Jett,5793,6126,4,4,0.852713,0.868132,0.971576,0.945055,triad_all_single_token,triad_no_single_token,3,0,1.0,0.0,1.0,2.0,1,2,0.055883,0,0.015419,0.026521,True,0.118793
triad_fn_pair_00120,triad_split_a,15,nh_white|m,nh_white,m,russ,Russ,rami,Rami,1210,1208,4,4,0.888889,0.855422,0.985185,0.939759,triad_all_single_token,triad_no_single_token,3,0,1.0,0.0,1.0,2.0,1,2,0.001653,0,0.033467,0.045426,True,0.119993
triad_fn_pair_00128,triad_split_b,16,nh_white|m,nh_white,m,ammon,Ammon,adham,Adham,188,196,5,5,0.787879,0.8125,0.969697,1.0,triad_all_single_token,triad_no_single_token,3,0,1.0,0.0,1.0,2.0,1,2,0.041457,0,0.024621,0.030303,True,0.123843
triad_fn_pair_00136,triad_split_a,17,nh_white|m,nh_white,m,slater,Slater,sarkis,Sarkis,523,488,6,6,0.738095,0.775,1.0,1.0,triad_all_single_token,triad_no_single_token,3,0,1.0,0.0,1.0,2.0,1,2,0.06913,0,0.036905,0.0,True,0.124487
triad_fn_pair_00144,triad_split_b,18,nh_white|m,nh_white,m,gauge,Gauge,gavyn,Gavyn,763,829,5,5,0.761905,0.733333,0.952381,0.955556,triad_all_single_token,triad_no_single_token,3,0,1.0,0.0,1.0,2.666667,1,3,0.082858,0,0.028572,0.003175,True,0.130478
triad_fn_pair_00152,triad_split_a,19,nh_white|m,nh_white,m,andon,Andon,arvil,Arvil,141,139,5,5,1.0,0.92,1.0,1.0,triad_all_single_token,triad_no_single_token,3,0,1.0,0.0,1.0,2.0,1,2,0.014185,0,0.08,0.0,True,0.134185
triad_fn_pair_00160,triad_split_b,20,nh_white|m,nh_white,m,axle,Axle,arye,Arye,214,212,4,4,1.0,0.916667,1.0,1.0,triad_all_single_token,triad_no_single_token,3,0,1.0,0.0,1.0,2.0,1,2,0.009346,0,0.083333,0.0,True,0.134345
triad_fn_pair_00168,triad_split_a,21,nh_white|m,nh_white,m,adolf,Adolf,andru,Andru,237,254,5,5,0.695652,0.677419,1.0,0.967742,triad_all_single_token,triad_no_single_token,3,0,1.0,0.0,1.0,2.0,1,2,0.068993,0,0.018233,0.032258,True,0.144729
triad_fn_pair_00176,triad_split_b,22,nh_white|m,nh_white,m,josef,Josef,jarod,Jarod,2628,2318,5,5,0.778261,0.767313,1.0,0.99723,triad_all_single_token,triad_no_single_token,3,0,1.0,0.0,1.0,2.0,1,2,0.125468,0,0.010948,0.00277,True,0.146045
triad_fn_pair_00184,triad_split_a,23,nh_white|m,nh_white,m,barrett,Barrett,brenden,Brenden,5944,5684,7,7,0.873846,0.849918,0.947692,0.993475,triad_all_single_token,triad_no_single_token,3,0,1.0,0.0,1.0,2.0,1,2,0.04472,0,0.023928,0.045783,True,0.149286
triad_fn_pair_00192,triad_split_b,24,nh_white|m,nh_white,m,dalton,Dalton,declan,Declan,11783,10981,6,6,0.923419,0.877551,0.992876,1.0,triad_all_single_token,triad_no_single_token,3,0,1.0,0.0,1.0,2.0,1,2,0.070485,0,0.045868,0.007124,True,0.149973
triad_fn_pair_00200,triad_split_a,25,nh_white|m,nh_white,m,reef,Reef,ryon,Ryon,316,317,4,4,0.764706,0.696203,0.941176,0.974684,triad_all_single_token,triad_no_single_token,3,0,1.0,0.0,1.0,2.0,1,2,0.003149,0,0.068503,0.033508,True,0.156165
