name,support_class,race_group,gender_group,count,race_share,gender_share
Apple,atomic,asian_pi,f,68,0.705882,1.0
Arti,atomic,asian_pi,f,55,0.981818,0.981818
Asma,atomic,asian_pi,f,702,0.697368,0.993421
Fang,atomic,asian_pi,f,98,0.979592,0.877551
Hang,atomic,asian_pi,f,316,0.990506,0.905063
Jing,atomic,asian_pi,f,254,0.996063,0.807087
Lien,atomic,asian_pi,f,448,0.84375,0.953125
Lieu,atomic,asian_pi,f,101,1.0,0.910891
Ling,atomic,asian_pi,f,140,0.978571,0.892857
Loan,atomic,asian_pi,f,410,0.982927,0.987805
Mee,atomic,asian_pi,f,109,0.972222,0.916667
Minha,atomic,asian_pi,f,215,1.0,1.0
Mini,atomic,asian_pi,f,56,0.892857,1.0
Ning,atomic,asian_pi,f,52,0.980769,0.75
Pang,atomic,asian_pi,f,211,1.0,1.0
Rama,atomic,asian_pi,f,134,0.686567,0.69403
Remedy,atomic,asian_pi,f,122,1.0,1.0
Soon,atomic,asian_pi,f,113,0.982301,0.849558
Sou,atomic,asian_pi,f,57,1.0,1.0
Sui,atomic,asian_pi,f,63,0.968254,0.730159
Thy,atomic,asian_pi,f,88,0.988636,0.784091
Tran,atomic,asian_pi,f,217,0.981567,0.81106
Xiao,atomic,asian_pi,f,175,1.0,0.708571
Yin,atomic,asian_pi,f,96,0.927083,0.6875
Yuk,atomic,asian_pi,f,62,0.935484,0.790323
Amna,short_fragmented,asian_pi,f,518,0.789474,1.0
Anvi,short_fragmented,asian_pi,f,349,1.0,1.0
Bich,short_fragmented,asian_pi,f,120,0.991667,0.883333
Diep,short_fragmented,asian_pi,f,168,0.982143,0.815476
Eiko,short_fragmented,asian_pi,f,54,0.862069,0.965517
Esha,short_fragmented,asian_pi,f,513,0.833333,1.0
Fei,short_fragmented,asian_pi,f,56,0.982143,0.732143
Fiza,short_fragmented,asian_pi,f,95,1.0,1.0
Hae,short_fragmented,asian_pi,f,78,0.987179,0.717949
Hye,short_fragmented,asian_pi,f,121,0.983471,0.966942
Kieu,short_fragmented,asian_pi,f,97,0.989691,0.938144
Mehar,short_fragmented,asian_pi,f,199,1.0,1.0
Misao,short_fragmented,asian_pi,f,74,0.666667,1.0
Ngan,short_fragmented,asian_pi,f,199,0.98995,0.78392
Nhia,short_fragmented,asian_pi,f,64,1.0,0.666667
Rashmi,short_fragmented,asian_pi,f,126,0.960317,0.992063
Rida,short_fragmented,asian_pi,f,218,0.703704,0.703704
Shoua,short_fragmented,asian_pi,f,121,1.0,0.857143
Siu,short_fragmented,asian_pi,f,75,0.986667,0.693333
Sook,short_fragmented,asian_pi,f,53,1.0,1.0
Xiu,short_fragmented,asian_pi,f,58,0.982759,1.0
Xuan,short_fragmented,asian_pi,f,288,0.975694,0.805556
Yee,short_fragmented,asian_pi,f,124,0.945455,0.781818
Zaara,short_fragmented,asian_pi,f,215,1.0,1.0
Zoha,short_fragmented,asian_pi,f,310,1.0,1.0
Abu,atomic,asian_pi,m,76,0.881579,0.960526
Amit,atomic,asian_pi,m,1157,0.854167,0.96875
Asad,atomic,asian_pi,m,412,0.829268,1.0
Atif,atomic,asian_pi,m,63,0.761905,1.0
Chang,atomic,asian_pi,m,145,0.931034,0.772414
Cong,atomic,asian_pi,m,94,0.978723,0.861702
Dang,atomic,asian_pi,m,108,0.990741,0.731481
Dong,atomic,asian_pi,m,180,1.0,0.788889
Harsh,atomic,asian_pi,m,65,0.984615,0.938462
Hung,atomic,asian_pi,m,843,0.991696,0.959668
Jong,atomic,asian_pi,m,98,0.979592,0.683673
Koji,atomic,asian_pi,m,131,1.0,1.0
Kong,atomic,asian_pi,m,327,1.0,0.809524
Kumar,atomic,asian_pi,m,105,0.857143,1.0
Kush,atomic,asian_pi,m,149,0.97619,1.0
Long,atomic,asian_pi,m,767,0.985597,0.944444
Sang,atomic,asian_pi,m,307,0.990228,0.677524
Sheikh,atomic,asian_pi,m,121,0.843137,1.0
Sinh,atomic,asian_pi,m,57,1.0,0.684211
Than,atomic,asian_pi,m,60,0.95,0.816667
The,atomic,asian_pi,m,64,1.0,0.703125
Tin,atomic,asian_pi,m,164,0.981707,0.859756
Trong,atomic,asian_pi,m,67,0.985075,0.970149
Vien,atomic,asian_pi,m,70,1.0,0.8
Viet,atomic,asian_pi,m,397,0.996283,0.914498
Ajay,short_fragmented,asian_pi,m,1478,0.910638,1.0
Ajit,short_fragmented,asian_pi,m,70,0.914286,0.942857
Anil,short_fragmented,asian_pi,m,345,0.924638,0.994203
Avik,short_fragmented,asian_pi,m,63,0.75,1.0
Chee,short_fragmented,asian_pi,m,107,1.0,0.727273
Duong,short_fragmented,asian_pi,m,147,0.979592,0.768707
Haresh,short_fragmented,asian_pi,m,65,0.953846,1.0
Hieu,short_fragmented,asian_pi,m,320,1.0,0.775
Huan,short_fragmented,asian_pi,m,105,0.980952,0.742857
Kento,short_fragmented,asian_pi,m,113,1.0,1.0
Khoi,short_fragmented,asian_pi,m,129,0.960784,0.931373
Kiet,short_fragmented,asian_pi,m,121,0.975207,0.983471
Liem,short_fragmented,asian_pi,m,95,0.936842,0.915789
Nhan,short_fragmented,asian_pi,m,284,0.996479,0.700704
Phu,short_fragmented,asian_pi,m,180,0.994444,0.894444
Satish,short_fragmented,asian_pi,m,118,0.957627,1.0
Siva,short_fragmented,asian_pi,m,59,0.864407,0.728814
Tadao,short_fragmented,asian_pi,m,56,1.0,1.0
Toua,short_fragmented,asian_pi,m,61,1.0,1.0
Tuan,short_fragmented,asian_pi,m,732,0.990437,0.986339
Vinh,short_fragmented,asian_pi,m,551,0.991781,0.89863
Vuong,short_fragmented,asian_pi,m,68,1.0,0.823529
Yash,short_fragmented,asian_pi,m,852,0.96,1.0
Yeng,short_fragmented,asian_pi,m,184,1.0,0.75
Zhi,short_fragmented,asian_pi,m,64,1.0,0.65625
Aide,atomic,hispanic,f,1262,0.878049,0.95122
Ailed,atomic,hispanic,f,96,0.981132,1.0
Albania,atomic,hispanic,f,73,0.972603,1.0
Alis,atomic,hispanic,f,85,0.730769,0.923077
America,atomic,hispanic,f,7095,0.861314,0.99635
Analy,atomic,hispanic,f,1145,0.903226,1.0
Angeles,atomic,hispanic,f,1537,0.802589,0.970874
Ania,atomic,hispanic,f,794,0.716511,0.993769
Anny,atomic,hispanic,f,503,0.750903,0.99278
Carmen,atomic,hispanic,f,60522,0.807055,0.979911
Daily,atomic,hispanic,f,100,0.96,0.97
Ela,atomic,hispanic,f,726,0.830409,0.988304
Enna,atomic,hispanic,f,64,0.711538,1.0
Fior,atomic,hispanic,f,86,0.892857,1.0
Indiana,atomic,hispanic,f,676,0.72,0.891429
Infant,atomic,hispanic,f,6576,1.0,1.0
Juana,atomic,hispanic,f,10931,0.93054,0.990232
Magna,atomic,hispanic,f,55,0.740741,1.0
Marines,atomic,hispanic,f,89,0.925,1.0
Nelly,atomic,hispanic,f,3840,0.835416,0.995655
Santa,atomic,hispanic,f,2084,0.793651,0.98557
Sole,atomic,hispanic,f,52,0.75,1.0
Yeni,atomic,hispanic,f,125,0.9,0.981818
Ynes,atomic,hispanic,f,56,0.839286,0.982143
Zenia,atomic,hispanic,f,338,0.708333,1.0
Alida,short_fragmented,hispanic,f,775,0.674528,0.995283
Ammy,short_fragmented,hispanic,f,427,0.727273,1.0
Anai,short_fragmented,hispanic,f,1094,0.833333,1.0
Anais,short_fragmented,hispanic,f,3982,0.851667,0.99
Anali,short_fragmented,hispanic,f,1163,0.923077,1.0
Anely,short_fragmented,hispanic,f,85,0.947368,1.0
Aracely,short_fragmented,hispanic,f,5977,0.933476,0.991416
Avalina,short_fragmented,hispanic,f,74,1.0,1.0
Camila,short_fragmented,hispanic,f,61106,0.902951,0.997377
Dorys,short_fragmented,hispanic,f,105,0.917526,1.0
Eira,short_fragmented,hispanic,f,123,0.903226,1.0
Elga,short_fragmented,hispanic,f,71,0.732394,0.957746
Elsy,short_fragmented,hispanic,f,703,0.851986,0.99278
Emely,short_fragmented,hispanic,f,11438,0.917355,0.996694
Fany,short_fragmented,hispanic,f,92,0.904762,0.988095
Illiana,short_fragmented,hispanic,f,670,0.763158,1.0
Ivette,short_fragmented,hispanic,f,6780,0.89765,0.995451
Keily,short_fragmented,hispanic,f,2121,0.811594,0.956522
Maida,short_fragmented,hispanic,f,338,0.71987,0.993485
Martiza,short_fragmented,hispanic,f,85,0.916667,1.0
Milta,short_fragmented,hispanic,f,51,0.875,1.0
Mily,short_fragmented,hispanic,f,91,0.75,0.916667
Rosalva,short_fragmented,hispanic,f,1547,0.865672,0.970149
Sira,short_fragmented,hispanic,f,54,0.755102,0.959184
Yuli,short_fragmented,hispanic,f,50,0.85,0.925
Abdel,atomic,hispanic,m,225,0.737968,1.0
Adal,atomic,hispanic,m,93,1.0,1.0
Alian,atomic,hispanic,m,71,0.9375,0.984375
Alonso,atomic,hispanic,m,6440,0.882353,0.986159
Bernardino,atomic,hispanic,m,670,0.727941,0.992647
Dinero,atomic,hispanic,m,71,1.0,1.0
Domingo,atomic,hispanic,m,9928,0.885877,0.996434
Ector,atomic,hispanic,m,253,0.666667,1.0
Eder,atomic,hispanic,m,1698,0.708333,0.983333
Elier,atomic,hispanic,m,170,0.981481,1.0
Enrique,atomic,hispanic,m,38689,0.893529,0.994651
Felipe,atomic,hispanic,m,20068,0.878475,0.996793
Freddy,atomic,hispanic,m,11702,0.826954,0.995148
German,atomic,hispanic,m,5781,0.919239,0.99537
Hermes,atomic,hispanic,m,261,0.875,0.945833
Julio,atomic,hispanic,m,39305,0.915733,0.995765
Justo,atomic,hispanic,m,706,0.923841,0.995033
Lenin,atomic,hispanic,m,661,0.921687,0.981928
Marino,atomic,hispanic,m,360,0.77044,0.990566
Norge,atomic,hispanic,m,82,0.961039,0.974026
Orlando,atomic,hispanic,m,19281,0.863143,0.99411
Rito,atomic,hispanic,m,709,0.731707,1.0
Rodrigo,atomic,hispanic,m,16465,0.853855,0.995972
Segundo,atomic,hispanic,m,269,0.85283,1.0
Washington,atomic,hispanic,m,179,0.674699,1.0
Agustin,short_fragmented,hispanic,m,10173,0.888889,0.994949
Alejos,short_fragmented,hispanic,m,69,1.0,1.0
Axell,short_fragmented,hispanic,m,190,0.833333,1.0
Bonifacio,short_fragmented,hispanic,m,657,0.697674,1.0
Cosme,short_fragmented,hispanic,m,646,0.896825,1.0
Eduin,short_fragmented,hispanic,m,73,0.923077,1.0
Eleno,short_fragmented,hispanic,m,171,0.95,0.95
Eliel,short_fragmented,hispanic,m,1663,0.764706,1.0
Eliseo,short_fragmented,hispanic,m,6620,0.843678,0.995402
Esgar,short_fragmented,hispanic,m,237,0.666667,1.0
Genaro,short_fragmented,hispanic,m,5001,0.860399,0.994302
Gerardo,short_fragmented,hispanic,m,37839,0.899939,0.99635
Gianfranco,short_fragmented,hispanic,m,195,0.687861,0.99422
Izek,short_fragmented,hispanic,m,86,1.0,1.0
Joaquin,short_fragmented,hispanic,m,20162,0.857143,0.996063
Josue,short_fragmented,hispanic,m,30840,0.849536,0.996221
Juelz,short_fragmented,hispanic,m,708,1.0,1.0
Manolo,short_fragmented,hispanic,m,484,0.818182,1.0
Matias,short_fragmented,hispanic,m,11134,0.8425,0.995
Ramiro,short_fragmented,hispanic,m,19015,0.898927,0.998211
Rigo,short_fragmented,hispanic,m,906,0.84,1.0
Rolando,short_fragmented,hispanic,m,16273,0.869118,0.995833
Sotero,short_fragmented,hispanic,m,263,0.815789,1.0
Sylar,short_fragmented,hispanic,m,83,1.0,1.0
Uvaldo,short_fragmented,hispanic,m,257,0.888889,0.888889
Africa,atomic,nh_black,f,67,0.727273,1.0
Amour,atomic,nh_black,f,63,0.714286,0.714286
Avis,atomic,nh_black,f,1848,0.651357,0.954071
Avril,atomic,nh_black,f,1026,0.721212,0.969697
Bloom,atomic,nh_black,f,51,1.0,1.0
China,atomic,nh_black,f,670,0.656977,0.982558
Dynasty,atomic,nh_black,f,358,0.774194,1.0
Easter,atomic,nh_black,f,162,0.704082,1.0
Eline,atomic,nh_black,f,51,0.780488,0.902439
Essence,atomic,nh_black,f,2362,0.942529,0.996169
Eternity,atomic,nh_black,f,527,0.666667,1.0
Honesty,atomic,nh_black,f,888,0.71875,1.0
India,atomic,nh_black,f,3325,0.725664,1.0
Infinity,atomic,nh_black,f,78,0.85,1.0
Jamaica,atomic,nh_black,f,128,0.730769,0.942308
Latina,atomic,nh_black,f,130,0.804878,1.0
Lovely,atomic,nh_black,f,491,0.889299,0.98893
Majesty,atomic,nh_black,f,570,0.75,0.9375
Monet,atomic,nh_black,f,1374,0.802548,0.955414
Nigeria,atomic,nh_black,f,55,0.934783,0.934783
Paradise,atomic,nh_black,f,130,0.769231,1.0
Passion,atomic,nh_black,f,249,0.947368,0.986842
Rhode,atomic,nh_black,f,62,0.654545,0.909091
Sakura,atomic,nh_black,f,478,0.8,0.933333
Tanzania,atomic,nh_black,f,63,1.0,1.0
Amiah,short_fragmented,nh_black,f,970,0.684211,0.894737
Amiracle,short_fragmented,nh_black,f,77,0.875,1.0
Amya,short_fragmented,nh_black,f,1852,0.8,0.986667
Arrie,short_fragmented,nh_black,f,55,0.673469,0.714286
Azelia,short_fragmented,nh_black,f,67,0.666667,1.0
Danisha,short_fragmented,nh_black,f,428,0.785714,1.0
Darline,short_fragmented,nh_black,f,854,0.71916,0.997375
Esmie,short_fragmented,nh_black,f,56,0.884615,0.961538
Evelyne,short_fragmented,nh_black,f,529,0.708108,1.0
Jerline,short_fragmented,nh_black,f,148,0.789474,1.0
Kecia,short_fragmented,nh_black,f,658,0.681159,0.992754
Kenadi,short_fragmented,nh_black,f,159,0.666667,1.0
Lanaya,short_fragmented,nh_black,f,117,0.866667,1.0
Laniya,short_fragmented,nh_black,f,432,1.0,1.0
Latanya,short_fragmented,nh_black,f,2326,0.963636,0.994805
Malaika,short_fragmented,nh_black,f,625,0.786517,0.966292
Marva,short_fragmented,nh_black,f,1410,0.854951,0.997211
Nadeige,short_fragmented,nh_black,f,51,0.980392,1.0
Nylah,short_fragmented,nh_black,f,3368,0.75,1.0
Pearlene,short_fragmented,nh_black,f,115,0.866667,1.0
Porscha,short_fragmented,nh_black,f,264,0.878788,0.979798
Ritha,short_fragmented,nh_black,f,63,0.8,0.981818
Shanee,short_fragmented,nh_black,f,378,0.796875,0.984375
Teneshia,short_fragmented,nh_black,f,54,1.0,1.0
Zaiya,short_fragmented,nh_black,f,52,1.0,1.0
Arlington,atomic,nh_black,m,67,0.693548,0.983871
Artist,atomic,nh_black,m,111,0.692308,1.0
Aston,atomic,nh_black,m,795,0.836257,0.988304
Booker,atomic,nh_black,m,1078,0.948571,0.994286
Colbert,atomic,nh_black,m,56,0.818182,1.0
Columbus,atomic,nh_black,m,267,0.780822,1.0
Cornel,atomic,nh_black,m,98,0.675,0.9625
Davidson,atomic,nh_black,m,177,0.792683,0.993902
Davon,atomic,nh_black,m,3028,0.915441,0.963235
Early,atomic,nh_black,m,134,0.793103,0.844828
Ernst,atomic,nh_black,m,471,0.816777,0.997792
Evans,atomic,nh_black,m,335,0.770115,0.984674
Everton,atomic,nh_black,m,327,0.954098,0.993443
Hawkins,atomic,nh_black,m,76,0.666667,1.0
Jamal,atomic,nh_black,m,8214,0.849774,0.989684
Jones,atomic,nh_black,m,557,0.657895,0.934211
Judge,atomic,nh_black,m,225,0.769231,1.0
Mister,atomic,nh_black,m,53,0.875,1.0
Nigel,atomic,nh_black,m,3212,0.692961,0.993932
Pierre,atomic,nh_black,m,4820,0.749818,0.992353
Prosper,atomic,nh_black,m,69,0.716667,0.983333
Quran,atomic,nh_black,m,240,1.0,0.958333
Schneider,atomic,nh_black,m,67,1.0,0.964286
Sirius,atomic,nh_black,m,61,1.0,1.0
Watson,atomic,nh_black,m,551,0.706294,0.986014
Adley,short_fragmented,nh_black,m,754,0.758621,0.896552
Ainsworth,short_fragmented,nh_black,m,67,0.916667,0.983333
Andre',short_fragmented,nh_black,m,118,0.773913,0.991304
Azaire,short_fragmented,nh_black,m,61,1.0,1.0
Chadrick,short_fragmented,nh_black,m,274,0.764706,1.0
Cheikh,short_fragmented,nh_black,m,98,0.8125,1.0
D'Angelo,short_fragmented,nh_black,m,161,0.728477,1.0
Dontae,short_fragmented,nh_black,m,1035,0.948148,0.985185
Donte,short_fragmented,nh_black,m,3155,0.95664,0.98103
Elgin,short_fragmented,nh_black,m,491,0.662338,0.974026
Emmit,short_fragmented,nh_black,m,318,0.766667,1.0
Ezell,short_fragmented,nh_black,m,133,0.945205,0.90411
Felton,short_fragmented,nh_black,m,566,0.721893,1.0
Horatio,short_fragmented,nh_black,m,80,0.77027,1.0
Jalen,short_fragmented,nh_black,m,8096,0.848268,0.949821
Javan,short_fragmented,nh_black,m,570,0.726562,0.953125
Jemal,short_fragmented,nh_black,m,229,0.815789,1.0
Khalil,short_fragmented,nh_black,m,5047,0.756696,0.995536
Marqus,short_fragmented,nh_black,m,51,0.9,1.0
Rahsaan,short_fragmented,nh_black,m,338,0.96,1.0
Rufus,short_fragmented,nh_black,m,3409,0.693642,0.995665
Sulayman,short_fragmented,nh_black,m,66,1.0,1.0
Therman,short_fragmented,nh_black,m,69,0.692308,1.0
Traevon,short_fragmented,nh_black,m,56,0.863636,1.0
Tyrek,short_fragmented,nh_black,m,244,1.0,1.0
Abbey,atomic,nh_white,f,2780,0.90678,0.980932
Abra,atomic,nh_white,f,53,0.714286,0.918367
Adelaide,atomic,nh_white,f,6705,0.781955,1.0
Aine,atomic,nh_white,f,291,0.896552,0.965517
Anat,atomic,nh_white,f,74,0.901639,0.967213
Columbia,atomic,nh_white,f,59,0.714286,1.0
Diane,atomic,nh_white,f,124021,0.896199,0.998498
Elaine,atomic,nh_white,f,60315,0.781492,0.998378
Hind,atomic,nh_white,f,74,0.897959,0.979592
January,atomic,nh_white,f,333,0.75,0.978261
Kami,atomic,nh_white,f,1426,0.816667,0.979167
Kelley,atomic,nh_white,f,11159,0.929417,0.938392
Kimber,atomic,nh_white,f,1966,0.913043,0.951691
Laure,atomic,nh_white,f,197,0.702703,0.981982
Leta,atomic,nh_white,f,1978,0.92517,1.0
Marian,atomic,nh_white,f,25043,0.734995,0.966759
Meadow,atomic,nh_white,f,2307,0.862069,0.982759
Memory,atomic,nh_white,f,71,0.74359,0.974359
Merry,atomic,nh_white,f,1796,0.893204,0.997573
Miranda,atomic,nh_white,f,31606,0.781407,0.997487
Nell,atomic,nh_white,f,2595,0.820598,0.953488
Sommer,atomic,nh_white,f,1131,0.796875,1.0
Spring,atomic,nh_white,f,421,0.7625,1.0
Sumer,atomic,nh_white,f,192,0.861538,0.923077
Truly,atomic,nh_white,f,129,0.666667,0.933333
Abbe,short_fragmented,nh_white,f,289,0.939394,0.969697
Abbi,short_fragmented,nh_white,f,70,0.902439,0.97561
Abbie,short_fragmented,nh_white,f,2908,0.857494,0.980344
Amey,short_fragmented,nh_white,f,50,0.72093,0.906977
Ashleigh,short_fragmented,nh_white,f,6517,0.840849,0.996684
Celestia,short_fragmented,nh_white,f,63,0.692308,1.0
Debra,short_fragmented,nh_white,f,115131,0.897928,0.998331
Eileen,short_fragmented,nh_white,f,59338,0.826857,0.998347
Hoda,short_fragmented,nh_white,f,70,0.875,1.0
Juliane,short_fragmented,nh_white,f,326,0.713235,0.992647
Karrie,short_fragmented,nh_white,f,1921,0.917313,0.992248
Kaye,short_fragmented,nh_white,f,1441,0.847007,0.977827
Kellie,short_fragmented,nh_white,f,10923,0.915809,0.99579
Laci,short_fragmented,nh_white,f,1880,0.918919,0.986486
Launa,short_fragmented,nh_white,f,188,0.671233,1.0
Maegan,short_fragmented,nh_white,f,2398,0.847118,1.0
Marcey,short_fragmented,nh_white,f,74,0.761194,0.970149
Marcia,short_fragmented,nh_white,f,25003,0.684862,0.99773
Melinda,short_fragmented,nh_white,f,33962,0.789607,0.998646
Meryl,short_fragmented,nh_white,f,1781,0.91067,0.98263
Neva,short_fragmented,nh_white,f,2624,0.809322,1.0
Savana,short_fragmented,nh_white,f,1162,0.836735,1.0
Sharyl,short_fragmented,nh_white,f,405,0.773913,1.0
Stori,short_fragmented,nh_white,f,191,0.928571,0.928571
Terah,short_fragmented,nh_white,f,129,0.655172,0.862069
Adolf,atomic,nh_white,m,237,0.695652,1.0
Ammon,atomic,nh_white,m,188,0.787879,0.969697
Andon,atomic,nh_white,m,141,1.0,1.0
Arsen,atomic,nh_white,m,225,0.777778,1.0
Athan,atomic,nh_white,m,707,0.857143,1.0
Axle,atomic,nh_white,m,214,1.0,1.0
Banner,atomic,nh_white,m,59,0.75,1.0
Barrett,atomic,nh_white,m,5944,0.873846,0.947692
Chip,atomic,nh_white,m,397,0.830508,1.0
Clarke,atomic,nh_white,m,451,0.828125,0.914062
Coast,atomic,nh_white,m,67,1.0,1.0
Dalton,atomic,nh_white,m,11783,0.923419,0.992876
Gauge,atomic,nh_white,m,763,0.761905,0.952381
Gilles,atomic,nh_white,m,153,0.879699,0.992481
Jess,atomic,nh_white,m,5793,0.852713,0.971576
Josef,atomic,nh_white,m,2628,0.778261,1.0
Knox,atomic,nh_white,m,4030,0.904762,0.952381
Lazar,atomic,nh_white,m,134,0.823529,1.0
Mikhail,atomic,nh_white,m,1107,0.75,0.984962
Reef,atomic,nh_white,m,316,0.764706,0.941176
Ripp,atomic,nh_white,m,79,1.0,1.0
Russ,atomic,nh_white,m,1210,0.888889,0.985185
Sergey,atomic,nh_white,m,472,0.986667,1.0
Slater,atomic,nh_white,m,523,0.738095,1.0
Steel,atomic,nh_white,m,75,1.0,1.0
Adham,short_fragmented,nh_white,m,196,0.8125,1.0
Aeden,short_fragmented,nh_white,m,209,0.75,1.0
Andru,short_fragmented,nh_white,m,254,0.677419,0.967742
Arvil,short_fragmented,nh_white,m,139,0.92,1.0
Arye,short_fragmented,nh_white,m,212,0.916667,1.0
Ayman,short_fragmented,nh_white,m,697,0.83,0.96
Bassem,short_fragmented,nh_white,m,59,0.823529,1.0
Brenden,short_fragmented,nh_white,m,5684,0.849918,0.993475
Cael,short_fragmented,nh_white,m,387,0.8,1.0
Chasen,short_fragmented,nh_white,m,473,0.833333,0.952381
Csaba,short_fragmented,nh_white,m,66,1.0,1.0
Declan,short_fragmented,nh_white,m,10981,0.877551,1.0
Gavyn,short_fragmented,nh_white,m,829,0.733333,0.955556
Grigor,short_fragmented,nh_white,m,149,0.875,1.0
Jarod,short_fragmented,nh_white,m,2318,0.767313,0.99723
Jett,short_fragmented,nh_white,m,6126,0.868132,0.945055
Kade,short_fragmented,nh_white,m,4098,0.940171,0.982906
Laird,short_fragmented,nh_white,m,133,0.868421,0.973684
Mohamad,short_fragmented,nh_white,m,1000,0.751351,0.994595
Rami,short_fragmented,nh_white,m,1208,0.855422,0.939759
Riku,short_fragmented,nh_white,m,86,1.0,1.0
Ryon,short_fragmented,nh_white,m,317,0.696203,0.974684
Sarkis,short_fragmented,nh_white,m,488,0.775,1.0
Shlome,short_fragmented,nh_white,m,437,1.0,1.0
Spiro,short_fragmented,nh_white,m,74,0.981818,1.0
