Unnamed: 0,Aya 8B,Aya 32B,Gemma 1B,Gemma 4B,Gemma 12B,Gemma 27B,Llama 3.1 8B,Ministral 3B,Ministral 8B,Ministral 14B,OLMo 7B,OLMo 32B,Phi-4,Qwen3 4B,Qwen3 8B,Qwen3 14B,Qwen3 32B
Aya 8B,1.0,0.8652193832532893,0.5296942132975911,0.5758527475982927,0.5994214293773942,0.6105952715179042,0.4816392972619456,0.6025001436814069,0.4974528148051232,0.5134526802513154,0.4502827290396786,0.4846907234829035,0.5033367432904949,0.4831856005191229,0.4511851783589717,0.4751801060128203,0.473090577585903
Aya 32B,0.8652193832532893,1.0,0.5004795361244575,0.5373014071820423,0.5783027490718713,0.5913073486932603,0.4409771873547054,0.5346693916362013,0.4581129564954493,0.4687647184834627,0.4068888160732436,0.4413107891417929,0.4609357015538807,0.4098264419904499,0.406541240626108,0.4355750912812733,0.4349199420941325
Gemma 1B,0.5296942132975911,0.5004795361244575,1.0,0.7823470955870295,0.7585291129393501,0.7324199306048848,0.5339017267127597,0.5413487878104124,0.5488599458208208,0.5626045459999575,0.5742624348046884,0.5843133722203526,0.5219659365457547,0.4996543473913448,0.4383921924372285,0.4539604593233691,0.4563544817906073
Gemma 4B,0.5758527475982927,0.5373014071820423,0.7823470955870295,1.0,0.8478869584582004,0.8218480345830715,0.5790911889190115,0.6109686203623539,0.5858536150493222,0.6012669005785227,0.6097550350023911,0.6220734829995211,0.5654308545336961,0.558750583002988,0.478999073563809,0.4939896323241113,0.495305126114264
Gemma 12B,0.5994214293773942,0.5783027490718713,0.7585291129393501,0.8478869584582004,1.0,0.8985783453135817,0.5926547667643556,0.6168162760276384,0.6017452212577994,0.6116253480069435,0.610540134769323,0.6270629006117928,0.5763995811566002,0.546630547266133,0.4899133685759959,0.5051645408560831,0.50829700103157
Gemma 27B,0.6105952715179042,0.5913073486932603,0.7324199306048848,0.8218480345830715,0.8985783453135817,1.0,0.5970960911839054,0.6248373992848217,0.6004967370989965,0.6119379723419431,0.6055301324121645,0.6245772979738813,0.5813550061717535,0.5492903794949328,0.4998182850914741,0.5130060373196944,0.5149995420992078
Llama 3.1 8B,0.4816392972619456,0.4409771873547054,0.5339017267127597,0.5790911889190115,0.5926547667643556,0.5970960911839054,1.0,0.5313174500359278,0.5870332650366077,0.6032174047584287,0.6517574998493749,0.6669959096333156,0.6259585034062044,0.5268609185892639,0.5465879119055294,0.5574832739897329,0.5565790656837061
Ministral 3B,0.6025001436814069,0.5346693916362013,0.5413487878104124,0.6109686203623539,0.6168162760276384,0.6248373992848217,0.5313174500359278,1.0,0.5835049106564353,0.6024463474457878,0.5181074608296861,0.5476676746260055,0.5502843139861827,0.6139566131802705,0.4833033429515567,0.4973945102610441,0.4957601452260972
Ministral 8B,0.4974528148051232,0.4581129564954493,0.5488599458208208,0.5858536150493222,0.6017452212577994,0.6004967370989965,0.5870332650366077,0.5835049106564353,1.0,0.7858641522910046,0.5815455985053339,0.6025205022150715,0.5973125953689398,0.5030867709114809,0.5170824533626673,0.5310722995016803,0.5330382800116732
Ministral 14B,0.5134526802513154,0.4687647184834627,0.5626045459999575,0.6012669005785227,0.6116253480069435,0.6119379723419431,0.6032174047584287,0.6024463474457878,0.7858641522910046,1.0,0.5962272483167822,0.6195646201422074,0.6145398140838916,0.5223117517960879,0.5312705910814315,0.546598424450757,0.5480172049058623
OLMo 7B,0.4502827290396786,0.4068888160732436,0.5742624348046884,0.6097550350023911,0.610540134769323,0.6055301324121645,0.6517574998493749,0.5181074608296861,0.5815455985053339,0.5962272483167822,1.0,0.7674183630843449,0.6221991721031143,0.5363244635527267,0.5298912599646557,0.5396486176855977,0.5385186928122792
OLMo 32B,0.4846907234829035,0.4413107891417929,0.5843133722203526,0.6220734829995211,0.6270629006117928,0.6245772979738813,0.6669959096333156,0.5476676746260055,0.6025205022150715,0.6195646201422074,0.7674183630843449,1.0,0.6495572985995515,0.5576842921374611,0.5538357772349364,0.566473612484627,0.5666096649397728
Phi-4,0.5033367432904949,0.4609357015538807,0.5219659365457547,0.5654308545336961,0.5763995811566002,0.5813550061717535,0.6259585034062044,0.5502843139861827,0.5973125953689398,0.6145398140838916,0.6221991721031143,0.6495572985995515,1.0,0.5479811843542339,0.5654006161827055,0.5823940791680862,0.5847196007707696
Qwen3 4B,0.4831856005191229,0.4098264419904499,0.4996543473913448,0.558750583002988,0.546630547266133,0.5492903794949328,0.5268609185892639,0.6139566131802705,0.5030867709114809,0.5223117517960879,0.5363244635527267,0.5576842921374611,0.5479811843542339,1.0,0.5032846912897944,0.5033460031218507,0.5023949430230938
Qwen3 8B,0.4511851783589717,0.406541240626108,0.4383921924372285,0.478999073563809,0.4899133685759959,0.4998182850914741,0.5465879119055294,0.4833033429515567,0.5170824533626673,0.5312705910814315,0.5298912599646557,0.5538357772349364,0.5654006161827055,0.5032846912897944,1.0,0.5654660191852047,0.5637872762287416
Qwen3 14B,0.4751801060128203,0.4355750912812733,0.4539604593233691,0.4939896323241113,0.5051645408560831,0.5130060373196944,0.5574832739897329,0.4973945102610441,0.5310722995016803,0.546598424450757,0.5396486176855977,0.566473612484627,0.5823940791680862,0.5033460031218507,0.5654660191852047,1.0,0.7101784007852651
Qwen3 32B,0.473090577585903,0.4349199420941325,0.4563544817906073,0.495305126114264,0.50829700103157,0.5149995420992078,0.5565790656837061,0.4957601452260972,0.5330382800116732,0.5480172049058623,0.5385186928122792,0.5666096649397728,0.5847196007707696,0.5023949430230938,0.5637872762287416,0.7101784007852651,1.0
