model_name,model_family,readout_layer,task_id,task_label,census_dominant_race,race_label,census_dominant_gender,gender_label,n_pairs,mean_support_gap,share_positive,mean_atomic_score,mean_fragmented_score
Llama-3.1-8B,llama,12,fellowship,Fellowship / promise,asian_pi,Asian/PI,f,Female,12,0.0233197499999999,0.75,0.3513372777777777,0.3280175277777777
Llama-3.1-8B,llama,12,fellowship,Fellowship / promise,hispanic,Hispanic,f,Female,13,0.009889641025641,0.6923076923076923,0.3455625128205128,0.3356728717948718
Llama-3.1-8B,llama,12,fellowship,Fellowship / promise,nh_black,NH Black,f,Female,12,0.0337305555555555,0.9166666666666666,0.3581272222222222,0.3243966666666666
Llama-3.1-8B,llama,12,fellowship,Fellowship / promise,nh_white,NH White,f,Female,13,0.0200826153846153,0.7692307692307693,0.3487374358974359,0.3286548205128205
Llama-3.1-8B,llama,12,fellowship,Fellowship / promise,asian_pi,Asian/PI,m,Male,13,0.0058132564102564,0.8461538461538461,0.3358455128205128,0.3300322564102564
Llama-3.1-8B,llama,12,fellowship,Fellowship / promise,hispanic,Hispanic,m,Male,12,0.0151421111111111,0.9166666666666666,0.3447026944444444,0.3295605833333333
Llama-3.1-8B,llama,12,fellowship,Fellowship / promise,nh_black,NH Black,m,Male,13,0.0299198461538461,1.0,0.3565327435897436,0.3266128974358974
Llama-3.1-8B,llama,12,fellowship,Fellowship / promise,nh_white,NH White,m,Male,12,0.0179692499999999,0.6666666666666666,0.3413075277777778,0.3233382777777778
Llama-3.1-8B,llama,12,hiring,Hiring / competence,asian_pi,Asian/PI,f,Female,12,0.0109845833333333,0.75,0.4756474444444444,0.4646628611111111
Llama-3.1-8B,llama,12,hiring,Hiring / competence,hispanic,Hispanic,f,Female,13,0.0079179999999999,0.7692307692307693,0.477693358974359,0.4697753589743589
Llama-3.1-8B,llama,12,hiring,Hiring / competence,nh_black,NH Black,f,Female,12,0.0259875555555555,1.0,0.486128,0.4601404444444444
Llama-3.1-8B,llama,12,hiring,Hiring / competence,nh_white,NH White,f,Female,13,0.0112021538461538,0.8461538461538461,0.4745343846153846,0.4633322307692307
Llama-3.1-8B,llama,12,hiring,Hiring / competence,asian_pi,Asian/PI,m,Male,13,0.0092625641025641,0.9230769230769232,0.4739443333333333,0.4646817692307692
Llama-3.1-8B,llama,12,hiring,Hiring / competence,hispanic,Hispanic,m,Male,12,0.0112932222222222,0.8333333333333334,0.4718626944444444,0.4605694722222222
Llama-3.1-8B,llama,12,hiring,Hiring / competence,nh_black,NH Black,m,Male,13,0.0192144102564102,1.0,0.4812312051282051,0.4620167948717948
Llama-3.1-8B,llama,12,hiring,Hiring / competence,nh_white,NH White,m,Male,12,0.0114022499999999,1.0,0.4705753611111111,0.4591731111111111
Llama-3.1-8B,llama,12,loan,Lending / trustworthiness,asian_pi,Asian/PI,f,Female,12,0.0031570277777777,0.75,0.09118175,0.0880247222222222
Llama-3.1-8B,llama,12,loan,Lending / trustworthiness,hispanic,Hispanic,f,Female,13,0.0019093846153846,0.6153846153846154,0.0884994358974358,0.0865900512820512
Llama-3.1-8B,llama,12,loan,Lending / trustworthiness,nh_black,NH Black,f,Female,12,0.0044356111111111,0.75,0.09157625,0.0871406388888889
Llama-3.1-8B,llama,12,loan,Lending / trustworthiness,nh_white,NH White,f,Female,13,0.0040133076923076,0.7692307692307693,0.0918728974358974,0.0878595897435897
Llama-3.1-8B,llama,12,loan,Lending / trustworthiness,asian_pi,Asian/PI,m,Male,13,-0.0015693333333333,0.3076923076923077,0.0874688461538461,0.0890381794871794
Llama-3.1-8B,llama,12,loan,Lending / trustworthiness,hispanic,Hispanic,m,Male,12,0.0012674166666666,0.6666666666666666,0.0880965833333333,0.0868291666666666
Llama-3.1-8B,llama,12,loan,Lending / trustworthiness,nh_black,NH Black,m,Male,13,0.0005891025641025,0.5384615384615384,0.0865381538461538,0.0859490512820513
Llama-3.1-8B,llama,12,loan,Lending / trustworthiness,nh_white,NH White,m,Male,12,0.0015737499999999,0.6666666666666666,0.0886509166666666,0.0870771666666666
Llama-3.1-8B,llama,12,medical_triage,Clinical assessment / concern,asian_pi,Asian/PI,f,Female,12,0.0035395,0.5833333333333334,0.7857248888888888,0.7821853888888889
Llama-3.1-8B,llama,12,medical_triage,Clinical assessment / concern,hispanic,Hispanic,f,Female,13,0.005948641025641,0.6923076923076923,0.7817968205128205,0.7758481794871794
Llama-3.1-8B,llama,12,medical_triage,Clinical assessment / concern,nh_black,NH Black,f,Female,12,0.0054878055555555,0.6666666666666666,0.7809335555555555,0.7754457499999999
Llama-3.1-8B,llama,12,medical_triage,Clinical assessment / concern,nh_white,NH White,f,Female,13,0.005903564102564,0.6923076923076923,0.7848210000000001,0.7789174358974359
Llama-3.1-8B,llama,12,medical_triage,Clinical assessment / concern,asian_pi,Asian/PI,m,Male,13,0.0060167692307692,0.5384615384615384,0.7858594102564103,0.779842641025641
Llama-3.1-8B,llama,12,medical_triage,Clinical assessment / concern,hispanic,Hispanic,m,Male,12,-0.0074465,0.3333333333333333,0.7757373888888889,0.7831838888888889
Llama-3.1-8B,llama,12,medical_triage,Clinical assessment / concern,nh_black,NH Black,m,Male,13,0.0082818717948718,0.6923076923076923,0.7872563333333333,0.7789744615384616
Llama-3.1-8B,llama,12,medical_triage,Clinical assessment / concern,nh_white,NH White,m,Male,12,0.0007478055555555,0.4166666666666667,0.7798073888888889,0.7790595833333334
Ministral-3B,mistral,10,fellowship,Fellowship / promise,asian_pi,Asian/PI,f,Female,12,0.0054959166666666,0.75,0.6865077777777778,0.6810118611111111
Ministral-3B,mistral,10,fellowship,Fellowship / promise,hispanic,Hispanic,f,Female,13,-0.0007686666666666,0.5384615384615384,0.6812510512820513,0.6820197179487179
Ministral-3B,mistral,10,fellowship,Fellowship / promise,nh_black,NH Black,f,Female,12,-0.0037286111111111,0.3333333333333333,0.6771267777777777,0.6808553888888889
Ministral-3B,mistral,10,fellowship,Fellowship / promise,nh_white,NH White,f,Female,13,0.0016496153846153,0.7692307692307693,0.6775118717948718,0.6758622564102564
Ministral-3B,mistral,10,fellowship,Fellowship / promise,asian_pi,Asian/PI,m,Male,13,0.0031086923076923,0.6153846153846154,0.6858196410256411,0.6827109487179487
Ministral-3B,mistral,10,fellowship,Fellowship / promise,hispanic,Hispanic,m,Male,12,0.0044598333333333,0.75,0.6855980555555555,0.6811382222222222
Ministral-3B,mistral,10,fellowship,Fellowship / promise,nh_black,NH Black,m,Male,13,7.24358974359535e-05,0.3846153846153846,0.6781302564102565,0.6780578205128205
Ministral-3B,mistral,10,fellowship,Fellowship / promise,nh_white,NH White,m,Male,12,0.0014836944444444,0.5833333333333334,0.6813710555555555,0.6798873611111111
Ministral-3B,mistral,10,hiring,Hiring / competence,asian_pi,Asian/PI,f,Female,12,0.0036246944444444,0.6666666666666666,0.4648121666666667,0.4611874722222222
Ministral-3B,mistral,10,hiring,Hiring / competence,hispanic,Hispanic,f,Female,13,0.0016222564102564,0.6153846153846154,0.4665151538461538,0.4648928974358974
Ministral-3B,mistral,10,hiring,Hiring / competence,nh_black,NH Black,f,Female,12,0.0085591111111111,0.6666666666666666,0.4712998333333333,0.4627407222222222
Ministral-3B,mistral,10,hiring,Hiring / competence,nh_white,NH White,f,Female,13,0.0039658717948718,0.7692307692307693,0.4657636153846154,0.4617977435897435
Ministral-3B,mistral,10,hiring,Hiring / competence,asian_pi,Asian/PI,m,Male,13,0.0003242051282051,0.5384615384615384,0.4625847435897435,0.4622605384615385
Ministral-3B,mistral,10,hiring,Hiring / competence,hispanic,Hispanic,m,Male,12,0.0019416666666666,0.75,0.4653575833333334,0.4634159166666666
Ministral-3B,mistral,10,hiring,Hiring / competence,nh_black,NH Black,m,Male,13,0.0085673076923077,0.9230769230769232,0.468349358974359,0.4597820512820512
Ministral-3B,mistral,10,hiring,Hiring / competence,nh_white,NH White,m,Male,12,0.0033208611111111,0.8333333333333334,0.4640256388888888,0.4607047777777777
Ministral-3B,mistral,10,loan,Lending / trustworthiness,asian_pi,Asian/PI,f,Female,12,-0.0049313611111111,0.3333333333333333,0.0318606111111111,0.0367919722222222
Ministral-3B,mistral,10,loan,Lending / trustworthiness,hispanic,Hispanic,f,Female,13,-0.0019202307692307,0.3076923076923077,0.0363532051282051,0.0382734358974359
Ministral-3B,mistral,10,loan,Lending / trustworthiness,nh_black,NH Black,f,Female,12,-0.0045196666666666,0.1666666666666666,0.0344605833333333,0.03898025
Ministral-3B,mistral,10,loan,Lending / trustworthiness,nh_white,NH White,f,Female,13,-0.0033472051282051,0.3076923076923077,0.0357802051282051,0.0391274102564102
Ministral-3B,mistral,10,loan,Lending / trustworthiness,asian_pi,Asian/PI,m,Male,13,-0.0013601538461538,0.3846153846153846,0.0349958717948718,0.0363560256410256
Ministral-3B,mistral,10,loan,Lending / trustworthiness,hispanic,Hispanic,m,Male,12,-0.0034881666666666,0.0833333333333333,0.0357826666666666,0.0392708333333333
Ministral-3B,mistral,10,loan,Lending / trustworthiness,nh_black,NH Black,m,Male,13,-0.0027402051282051,0.3076923076923077,0.0346103333333333,0.0373505384615384
Ministral-3B,mistral,10,loan,Lending / trustworthiness,nh_white,NH White,m,Male,12,-0.0015271111111111,0.4166666666666667,0.0360653333333333,0.0375924444444444
Ministral-3B,mistral,10,medical_triage,Clinical assessment / concern,asian_pi,Asian/PI,f,Female,12,0.0061513611111111,0.6666666666666666,0.7341422777777779,0.7279909166666667
Ministral-3B,mistral,10,medical_triage,Clinical assessment / concern,hispanic,Hispanic,f,Female,13,0.0074606153846153,0.7692307692307693,0.7338327948717948,0.7263721794871795
Ministral-3B,mistral,10,medical_triage,Clinical assessment / concern,nh_black,NH Black,f,Female,12,0.0041738611111111,0.6666666666666666,0.7295250555555556,0.7253511944444444
Ministral-3B,mistral,10,medical_triage,Clinical assessment / concern,nh_white,NH White,f,Female,13,0.0039658974358974,0.4615384615384615,0.7301363076923078,0.7261704102564104
Ministral-3B,mistral,10,medical_triage,Clinical assessment / concern,asian_pi,Asian/PI,m,Male,13,0.000855282051282,0.3846153846153846,0.7243903846153846,0.7235351025641026
Ministral-3B,mistral,10,medical_triage,Clinical assessment / concern,hispanic,Hispanic,m,Male,12,0.0008197499999999,0.3333333333333333,0.7226219166666666,0.7218021666666666
Ministral-3B,mistral,10,medical_triage,Clinical assessment / concern,nh_black,NH Black,m,Male,13,0.0064243076923077,0.6153846153846154,0.7291404358974359,0.7227161282051282
Ministral-3B,mistral,10,medical_triage,Clinical assessment / concern,nh_white,NH White,m,Male,12,0.0022378333333333,0.75,0.7240477222222221,0.7218098888888888
Qwen3-4B,qwen,18,fellowship,Fellowship / promise,asian_pi,Asian/PI,f,Female,12,0.3617269722222222,0.8333333333333334,0.5339553888888889,0.1722284166666666
Qwen3-4B,qwen,18,fellowship,Fellowship / promise,hispanic,Hispanic,f,Female,13,0.6791409230769231,0.6923076923076923,0.7358139230769231,0.056673
Qwen3-4B,qwen,18,fellowship,Fellowship / promise,nh_black,NH Black,f,Female,12,0.6511059166666667,0.9166666666666666,0.6687393333333334,0.0176334166666666
Qwen3-4B,qwen,18,fellowship,Fellowship / promise,nh_white,NH White,f,Female,13,0.4694916923076923,0.9230769230769232,0.4709597948717948,0.0014681025641025
Qwen3-4B,qwen,18,fellowship,Fellowship / promise,asian_pi,Asian/PI,m,Male,13,0.1654307948717948,0.8461538461538461,0.3012487179487179,0.135817923076923
Qwen3-4B,qwen,18,fellowship,Fellowship / promise,hispanic,Hispanic,m,Male,12,0.0615736111111111,0.4166666666666667,0.2014556111111111,0.1398819999999999
Qwen3-4B,qwen,18,fellowship,Fellowship / promise,nh_black,NH Black,m,Male,13,0.2800062564102564,0.6153846153846154,0.4467627948717948,0.1667565384615384
Qwen3-4B,qwen,18,fellowship,Fellowship / promise,nh_white,NH White,m,Male,12,0.1059244166666666,0.6666666666666666,0.2846778611111111,0.1787534444444444
Qwen3-4B,qwen,18,hiring,Hiring / competence,asian_pi,Asian/PI,f,Female,12,0.1784647499999999,0.8333333333333334,-0.4900998333333333,-0.6685645833333332
Qwen3-4B,qwen,18,hiring,Hiring / competence,hispanic,Hispanic,f,Female,13,0.3252677179487179,0.6153846153846154,-0.4062117179487179,-0.7314794358974359
Qwen3-4B,qwen,18,hiring,Hiring / competence,nh_black,NH Black,f,Female,12,0.3578148611111111,0.9166666666666666,-0.3960881111111111,-0.7539029722222222
Qwen3-4B,qwen,18,hiring,Hiring / competence,nh_white,NH White,f,Female,13,0.2658608205128204,1.0,-0.5015244871794872,-0.7673853076923076
Qwen3-4B,qwen,18,hiring,Hiring / competence,asian_pi,Asian/PI,m,Male,13,0.1262148205128205,0.8461538461538461,-0.5772637179487179,-0.7034785384615384
Qwen3-4B,qwen,18,hiring,Hiring / competence,hispanic,Hispanic,m,Male,12,0.04642675,0.5833333333333334,-0.6641600833333333,-0.7105868333333333
Qwen3-4B,qwen,18,hiring,Hiring / competence,nh_black,NH Black,m,Male,13,0.1946243846153846,0.6153846153846154,-0.5044408717948718,-0.6990652564102564
Qwen3-4B,qwen,18,hiring,Hiring / competence,nh_white,NH White,m,Male,12,0.0932383611111111,0.6666666666666666,-0.5872867222222222,-0.6805250833333334
Qwen3-4B,qwen,18,loan,Lending / trustworthiness,asian_pi,Asian/PI,f,Female,12,0.0700586388888888,0.6666666666666666,0.5627802777777778,0.4927216388888889
Qwen3-4B,qwen,18,loan,Lending / trustworthiness,hispanic,Hispanic,f,Female,13,0.1204111282051281,0.7692307692307693,0.5344000769230769,0.4139889487179487
Qwen3-4B,qwen,18,loan,Lending / trustworthiness,nh_black,NH Black,f,Female,12,0.1925581111111111,0.75,0.5923872222222223,0.3998291111111111
Qwen3-4B,qwen,18,loan,Lending / trustworthiness,nh_white,NH White,f,Female,13,0.1184015897435897,0.8461538461538461,0.5614561025641026,0.4430545128205128
Qwen3-4B,qwen,18,loan,Lending / trustworthiness,asian_pi,Asian/PI,m,Male,13,0.095102641025641,0.8461538461538461,0.5644116923076923,0.4693090512820512
Qwen3-4B,qwen,18,loan,Lending / trustworthiness,hispanic,Hispanic,m,Male,12,0.1356893055555555,0.9166666666666666,0.5666583333333334,0.4309690277777778
Qwen3-4B,qwen,18,loan,Lending / trustworthiness,nh_black,NH Black,m,Male,13,0.1696182051282051,1.0,0.5934437692307692,0.423825564102564
Qwen3-4B,qwen,18,loan,Lending / trustworthiness,nh_white,NH White,m,Male,12,0.0931552499999999,0.8333333333333334,0.5445541111111111,0.4513988611111111
Qwen3-4B,qwen,18,medical_triage,Clinical assessment / concern,asian_pi,Asian/PI,f,Female,12,0.1170684444444444,0.75,0.6019949166666666,0.4849264722222222
Qwen3-4B,qwen,18,medical_triage,Clinical assessment / concern,hispanic,Hispanic,f,Female,13,0.1720986923076923,0.7692307692307693,0.5722792051282052,0.4001805128205128
Qwen3-4B,qwen,18,medical_triage,Clinical assessment / concern,nh_black,NH Black,f,Female,12,0.3282077777777778,1.0,0.6586556388888889,0.3304478611111111
Qwen3-4B,qwen,18,medical_triage,Clinical assessment / concern,nh_white,NH White,f,Female,13,0.1949842820512821,1.0,0.5700447948717949,0.3750605128205128
Qwen3-4B,qwen,18,medical_triage,Clinical assessment / concern,asian_pi,Asian/PI,m,Male,13,0.1779306666666666,0.9230769230769232,0.6179704102564103,0.4400397435897435
Qwen3-4B,qwen,18,medical_triage,Clinical assessment / concern,hispanic,Hispanic,m,Male,12,0.0980083888888888,0.8333333333333334,0.5214581388888889,0.42344975
Qwen3-4B,qwen,18,medical_triage,Clinical assessment / concern,nh_black,NH Black,m,Male,13,0.1473015897435897,0.8461538461538461,0.5665247692307692,0.4192231794871794
Qwen3-4B,qwen,18,medical_triage,Clinical assessment / concern,nh_white,NH White,m,Male,12,0.1241934166666666,0.9166666666666666,0.5850723611111112,0.4608789444444445
